INSERT INTO Specialties (Name) VALUES
('ЛОР'),
('Гінеколог'),
('Хірург');

INSERT INTO Doctors 
  (LastName, FirstName, FathersName, DateOfBirth, PhoneNumber, BreakHour, SpecialtyID) 
VALUES
  ('Бондар',   'Ірина',   'Петрівна',   '1988-06-23', '0978123456', '14:00:00', 3),
  ('Шевченко', 'Андрій',  'Ігорович',   '1987-11-25', '0631234567', '14:00:00', 1),
  ('Бондар',   'Ігор',    'Петрович',   '2016-01-30', '0661234567', '12:00:00', 3),
  ('Захарченко','Марія',   'Сергіївна',  '2012-06-15', '0951234567', '12:00:00', 2),
  ('Шевченко', 'Олег',    'Андрійович', '1992-09-08', '0501234567', '12:00:00', 1),
  ('Петренко', 'Олена',   'Василівна',  '1996-02-09', '0981234567', '12:00:00', 1),
  ('Ковальчук','Ірина',   'Михайлівна', '1989-10-31', '0671234567', '13:00:00', 2),
  ('Ковальчук','Ірина',   'Петрівна',   '2011-03-28', '0681234567', '13:00:00', 3),
  ('Петренко', 'Олег',    'Ігорович',   '2008-04-20', '0911234567', '14:00:00', 3),
  ('Бондар',   'Олена',   'Сергіївна',  '2002-08-13', '0991234567', '13:00:00', 2);


INSERT INTO Receptionist (LastName, FirstName, PhoneNumber) VALUES
('Ковальчук', 'Марія', '0932260021'),
('Мельник', 'Марія', '0501362985'),
('Литвин', 'Олег', '0678216524'),
('Бондар', 'Дмитро', '0505065173'),
('Бондар', 'Тарас', '0971298543');

INSERT INTO Patients (LastName, FirstName, DateOfBirth, Gender, PhoneNumber) VALUES
('Мельник', 'Максим', '2018-08-15', 'Female', '0674824152'),
('Бондар', 'Олена', '2000-01-15', 'Female', '0504053236'),
('Петренко', 'Марія', '1993-04-14', 'Female', '0738047470'),
('Сидоренко', 'Ігор', '2014-10-04', 'Male', '0508739035'),
('Захарченко', 'Олег', '2013-12-21', 'Female', '0739359128'),
('Гриценко', 'Максим', '1998-04-24', 'Female', '0934811128'),
('Бондар', 'Тарас', '2016-03-10', 'Female', '0979866766'),
('Ковальчук', 'Максим', '2007-01-13', 'Female', '0501463335'),
('Гриценко', 'Ірина', '1998-11-12', 'Female', '0931421478'),
('Петренко', 'Марія', '2018-08-01', 'Female', '0731737673'),
('Петренко', 'Ірина', '2021-05-11', 'Female', '0504184503'),
('Захарченко', 'Андрій', '1997-10-08', 'Male', '0672239180'),
('Петренко', 'Ігор', '2017-06-10', 'Male', '0503457616'),
('Литвин', 'Ірина', '2019-06-23', 'Female', '0933635519'),
('Петренко', 'Олег', '2016-11-27', 'Female', '0503042073'),
('Шевченко', 'Максим', '2020-01-08', 'Female', '0739315751'),
('Сидоренко', 'Максим', '2014-04-14', 'Male', '0504899125'),
('Петренко', 'Андрій', '1996-06-23', 'Female', '0678771079'),
('Литвин', 'Ігор', '2000-08-10', 'Male', '0674159494'),
('Ковальчук', 'Дмитро', '2010-09-09', 'Male', '0937631887'),
('Іванов', 'Дмитро', '1991-02-07', 'Male', '0674753299'),
('Гриценко', 'Марія', '2010-09-29', 'Female', '0675326905'),
('Мельник', 'Марія', '2007-02-10', 'Female', '0733676080'),
('Литвин', 'Максим', '1990-05-06', 'Female', '0507051641'),
('Захарченко', 'Марія', '2010-12-17', 'Female', '0931665617'),
('Іванов', 'Ігор', '1995-03-18', 'Male', '0939186518'),
('Захарченко', 'Максим', '1997-04-30', 'Male', '0735095231'),
('Іванов', 'Максим', '2013-05-22', 'Male', '0736624704'),
('Шевченко', 'Тарас', '2005-06-02', 'Female', '0735312099'),
('Сидоренко', 'Максим', '2002-01-01', 'Female', '0971963830'),
('Сидоренко', 'Марія', '1997-08-13', 'Male', '0971173239'),
('Мельник', 'Андрій', '2004-01-30', 'Female', '0738585728'),
('Мельник', 'Андрій', '2006-12-27', 'Male', '0977035545'),
('Сидоренко', 'Світлана', '2017-01-24', 'Male', '0938857821'),
('Литвин', 'Максим', '2010-03-12', 'Female', '0508910322'),
('Гриценко', 'Марія', '2020-08-02', 'Male', '0971476123'),
('Іванов', 'Світлана', '2019-10-25', 'Female', '0971864980'),
('Мельник', 'Максим', '2005-06-05', 'Female', '0737404801'),
('Петренко', 'Олег', '1996-02-08', 'Female', '0738322031'),
('Ковальчук', 'Марія', '2017-09-18', 'Female', '0931546778'),
('Петренко', 'Олег', '1995-07-08', 'Female', '0971801396'),
('Мельник', 'Максим', '1999-10-12', 'Male', '0675657211'),
('Захарченко', 'Андрій', '2013-10-01', 'Female', '0505491241'),
('Гриценко', 'Ірина', '1993-11-03', 'Female', '0674428561'),
('Захарченко', 'Ігор', '1991-08-26', 'Female', '0734737252'),
('Гриценко', 'Ігор', '2020-07-21', 'Male', '0739838804'),
('Ковальчук', 'Тарас', '1999-10-28', 'Male', '0971368237'),
('Іванов', 'Ірина', '2005-12-02', 'Female', '0734107519'),
('Шевченко', 'Олег', '1992-10-03', 'Female', '0937775317'),
('Ковальчук', 'Олег', '2007-01-13', 'Male', '0972057849'),
('Іванов', 'Світлана', '2006-02-03', 'Female', '0933200793'),
('Литвин', 'Дмитро', '2017-02-22', 'Female', '0732996701'),
('Литвин', 'Максим', '2001-12-02', 'Female', '0505457731'),
('Шевченко', 'Олена', '2006-11-12', 'Female', '0676139101'),
('Мельник', 'Дмитро', '1992-12-28', 'Male', '0939795599'),
('Бондар', 'Максим', '2008-12-10', 'Female', '0502776130'),
('Ковальчук', 'Світлана', '2020-07-04', 'Male', '0674050271'),
('Мельник', 'Тарас', '2003-11-05', 'Male', '0971102524'),
('Петренко', 'Олена', '2007-06-28', 'Male', '0676374621'),
('Гриценко', 'Марія', '2000-09-27', 'Female', '0935263103'),
('Шевченко', 'Максим', '2002-10-15', 'Male', '0674913691'),
('Іванов', 'Світлана', '2010-07-27', 'Male', '0738698395'),
('Сидоренко', 'Дмитро', '2016-09-18', 'Male', '0972120683'),
('Гриценко', 'Марія', '2018-09-20', 'Male', '0502095352'),
('Гриценко', 'Світлана', '1998-10-29', 'Female', '0937385985'),
('Захарченко', 'Олег', '2015-09-01', 'Male', '0733015149'),
('Мельник', 'Андрій', '2003-10-24', 'Female', '0673375325'),
('Захарченко', 'Дмитро', '2009-01-07', 'Male', '0671804719'),
('Ковальчук', 'Ігор', '1992-06-10', 'Female', '0975262466'),
('Сидоренко', 'Ірина', '2001-02-08', 'Female', '0732227674'),
('Сидоренко', 'Олена', '1991-09-23', 'Male', '0977358678'),
('Мельник', 'Тарас', '1998-11-15', 'Male', '0507568224'),
('Бондар', 'Олена', '1993-09-07', 'Female', '0932721593'),
('Петренко', 'Олена', '1996-06-29', 'Male', '0504204588'),
('Мельник', 'Марія', '2020-10-20', 'Female', '0508078449'),
('Іванов', 'Тарас', '2000-05-21', 'Male', '0734172291'),
('Захарченко', 'Марія', '2003-08-07', 'Male', '0974510783'),
('Бондар', 'Олена', '1989-01-14', 'Male', '0733013987'),
('Ковальчук', 'Ігор', '2017-05-08', 'Male', '0672233268'),
('Захарченко', 'Андрій', '2005-06-24', 'Male', '0978980082'),
('Захарченко', 'Олег', '1995-12-02', 'Female', '0672659679'),
('Гриценко', 'Дмитро', '2019-09-04', 'Female', '0733629434'),
('Гриценко', 'Дмитро', '2017-10-08', 'Female', '0738133016'),
('Гриценко', 'Світлана', '2005-07-22', 'Male', '0976402780'),
('Бондар', 'Максим', '1991-04-24', 'Male', '0679406229'),
('Сидоренко', 'Дмитро', '2003-09-04', 'Male', '0677142275'),
('Захарченко', 'Світлана', '2002-02-22', 'Male', '0733110932'),
('Петренко', 'Ігор', '2009-08-13', 'Female', '0939228814'),
('Петренко', 'Тарас', '2007-06-18', 'Male', '0502277876'),
('Бондар', 'Олег', '2000-11-05', 'Male', '0972523347'),
('Сидоренко', 'Олена', '2018-07-30', 'Female', '0675693779'),
('Шевченко', 'Світлана', '1994-12-02', 'Female', '0676300458'),
('Петренко', 'Максим', '2017-11-29', 'Female', '0504960890'),
('Гриценко', 'Олена', '1996-01-06', 'Female', '0505757737'),
('Гриценко', 'Марія', '2001-07-26', 'Male', '0675064176'),
('Шевченко', 'Олена', '2010-12-30', 'Female', '0937941348'),
('Гриценко', 'Андрій', '2008-11-15', 'Female', '0938925881'),
('Ковальчук', 'Ігор', '1999-07-08', 'Female', '0506979675'),
('Бондар', 'Олег', '2006-05-14', 'Female', '0938686459'),
('Шевченко', 'Тарас', '1996-01-05', 'Female', '0931308638');

INSERT INTO AmbulatoryCards (PatientID, CreationDate, CardNumber, BloodType) VALUES
(1, '2021-02-06', 'AC0001', 'B+'),
(2, '2023-01-10', 'AC0002', 'B-'),
(3, '2021-03-20', 'AC0003', 'A+'),
(4, '2023-06-30', 'AC0004', 'O+'),
(5, '2023-12-11', 'AC0005', 'A+'),
(6, '2023-10-09', 'AC0006', 'O-'),
(7, '2020-08-14', 'AC0007', 'B-'),
(8, '2020-03-14', 'AC0008', 'B-'),
(9, '2022-09-28', 'AC0009', 'B+'),
(10, '2020-01-19', 'AC0010', 'A+'),
(11, '2024-01-17', 'AC0011', 'B-'),
(12, '2020-06-02', 'AC0012', 'AB+'),
(13, '2022-01-01', 'AC0013', 'AB-'),
(14, '2022-10-11', 'AC0014', 'AB+'),
(15, '2021-05-07', 'AC0015', 'O+'),
(16, '2021-06-30', 'AC0016', 'B-'),
(17, '2023-06-20', 'AC0017', 'A-'),
(18, '2022-12-04', 'AC0018', 'AB-'),
(19, '2023-12-09', 'AC0019', 'O+'),
(20, '2022-07-27', 'AC0020', 'AB+'),
(21, '2024-01-28', 'AC0021', 'A+'),
(22, '2023-07-25', 'AC0022', 'AB-'),
(23, '2023-10-16', 'AC0023', 'B+'),
(24, '2020-05-04', 'AC0024', 'B+'),
(25, '2023-10-02', 'AC0025', 'A+'),
(26, '2022-11-22', 'AC0026', 'B-'),
(27, '2021-06-24', 'AC0027', 'A+'),
(28, '2021-08-21', 'AC0028', 'A-'),
(29, '2022-08-21', 'AC0029', 'B+'),
(30, '2021-11-29', 'AC0030', 'B-'),
(31, '2020-08-15', 'AC0031', 'B-'),
(32, '2021-07-05', 'AC0032', 'A+'),
(33, '2021-07-05', 'AC0033', 'AB+'),
(34, '2023-05-19', 'AC0034', 'AB-'),
(35, '2020-07-27', 'AC0035', 'A-'),
(36, '2021-04-14', 'AC0036', 'B-'),
(37, '2021-05-11', 'AC0037', 'AB+'),
(38, '2020-11-19', 'AC0038', 'O+'),
(39, '2021-01-31', 'AC0039', 'B+'),
(40, '2020-02-05', 'AC0040', 'AB+'),
(41, '2020-03-12', 'AC0041', 'O-'),
(42, '2023-04-27', 'AC0042', 'O+'),
(43, '2023-02-21', 'AC0043', 'A-'),
(44, '2020-06-13', 'AC0044', 'B+'),
(45, '2023-03-18', 'AC0045', 'O-'),
(46, '2020-11-13', 'AC0046', 'A+'),
(47, '2021-09-15', 'AC0047', 'O+'),
(48, '2020-11-27', 'AC0048', 'AB-'),
(49, '2023-08-25', 'AC0049', 'B-'),
(50, '2020-06-13', 'AC0050', 'AB+'),
(51, '2023-04-08', 'AC0051', 'O-'),
(52, '2021-02-12', 'AC0052', 'AB-'),
(53, '2022-06-27', 'AC0053', 'A+'),
(54, '2021-08-11', 'AC0054', 'A+'),
(55, '2020-09-20', 'AC0055', 'B+'),
(56, '2020-03-07', 'AC0056', 'A-'),
(57, '2022-09-18', 'AC0057', 'O+'),
(58, '2023-01-10', 'AC0058', 'AB+'),
(59, '2022-12-01', 'AC0059', 'O-'),
(60, '2022-06-08', 'AC0060', 'A-'),
(61, '2023-10-21', 'AC0061', 'B+'),
(62, '2021-02-21', 'AC0062', 'O+'),
(63, '2022-06-06', 'AC0063', 'AB+'),
(64, '2020-04-18', 'AC0064', 'AB-'),
(65, '2021-08-20', 'AC0065', 'A-'),
(66, '2020-02-15', 'AC0066', 'B-'),
(67, '2024-01-29', 'AC0067', 'AB+'),
(68, '2020-07-27', 'AC0068', 'B-'),
(69, '2023-10-03', 'AC0069', 'B-'),
(70, '2020-09-23', 'AC0070', 'B+'),
(71, '2022-08-11', 'AC0071', 'AB+'),
(72, '2023-12-01', 'AC0072', 'AB+'),
(73, '2020-03-08', 'AC0073', 'AB+'),
(74, '2021-01-01', 'AC0074', 'B+'),
(75, '2023-10-14', 'AC0075', 'A-'),
(76, '2020-05-14', 'AC0076', 'O-'),
(77, '2021-03-15', 'AC0077', 'O-'),
(78, '2020-10-20', 'AC0078', 'A+'),
(79, '2021-10-06', 'AC0079', 'AB-'),
(80, '2021-08-13', 'AC0080', 'AB+'),
(81, '2021-06-04', 'AC0081', 'AB-'),
(82, '2021-10-09', 'AC0082', 'A-'),
(83, '2020-05-13', 'AC0083', 'O+'),
(84, '2023-04-21', 'AC0084', 'O+'),
(85, '2021-10-10', 'AC0085', 'A-'),
(86, '2021-03-19', 'AC0086', 'A-'),
(87, '2022-04-02', 'AC0087', 'B-'),
(88, '2023-11-19', 'AC0088', 'O-'),
(89, '2021-11-28', 'AC0089', 'AB-'),
(90, '2020-07-20', 'AC0090', 'A+'),
(91, '2021-09-07', 'AC0091', 'A-'),
(92, '2024-01-21', 'AC0092', 'AB+'),
(93, '2021-06-08', 'AC0093', 'O+'),
(94, '2023-05-09', 'AC0094', 'A+'),
(95, '2020-01-22', 'AC0095', 'B-'),
(96, '2024-01-12', 'AC0096', 'A-'),
(97, '2022-07-05', 'AC0097', 'AB-'),
(98, '2020-08-13', 'AC0098', 'B-'),
(99, '2021-12-16', 'AC0099', 'O+'),
(100, '2022-11-12', 'AC0100', 'A+');

INSERT INTO Allergies (Name) VALUES
('Пилок'),
('Пеніцилін'),
('Глютен'),
('Мед'),
('Шерсть');

INSERT INTO ChronicDiseases (Name) VALUES
('Астма'),
('Діабет'),
('Гіпертонія'),
('Епілепсія'),
('Гастрит');

INSERT INTO CardAllergies (AmbulatoryCardID, AllergyID) VALUES
(1, 5),
(2, 3),
(3, 1),
(4, 5),
(5, 1),
(6, 4),
(7, 5),
(8, 1),
(9, 1),
(10, 3),
(11, 3),
(12, 5),
(13, 1),
(14, 5),
(15, 2),
(16, 2),
(17, 1),
(18, 3),
(19, 4),
(20, 4),
(21, 3),
(22, 2),
(23, 5),
(24, 5),
(25, 2),
(26, 2),
(27, 5),
(28, 3),
(29, 5),
(30, 4),
(31, 5),
(32, 5),
(33, 5),
(34, 5),
(35, 3),
(36, 1),
(37, 3),
(38, 3),
(39, 3),
(40, 5),
(41, 2),
(42, 1),
(43, 2),
(44, 2),
(45, 2),
(46, 4),
(47, 1),
(48, 4),
(49, 5),
(50, 2),
(51, 3),
(52, 4),
(53, 1),
(54, 5),
(55, 5),
(56, 1),
(57, 3),
(58, 4),
(59, 5),
(60, 2),
(61, 5),
(62, 2),
(63, 5),
(64, 5),
(65, 4),
(66, 2),
(67, 5),
(68, 4),
(69, 2),
(70, 2),
(71, 5),
(72, 5),
(73, 1),
(74, 5),
(75, 1),
(76, 1),
(77, 4),
(78, 5),
(79, 1),
(80, 1),
(81, 3),
(82, 3),
(83, 2),
(84, 3),
(85, 4),
(86, 5),
(87, 3),
(88, 5),
(89, 3),
(90, 5),
(91, 5),
(92, 1),
(93, 5),
(94, 2),
(95, 3),
(96, 4),
(97, 1),
(98, 2),
(99, 1),
(100, 3);

INSERT INTO CardChronicDiseases (AmbulatoryCardID, DiseaseID) VALUES
(1, 3),
(2, 4),
(3, 4),
(4, 3),
(5, 4),
(6, 4),
(7, 2),
(8, 3),
(9, 1),
(10, 3),
(11, 4),
(12, 3),
(13, 5),
(14, 1),
(15, 1),
(16, 3),
(17, 5),
(18, 4),
(19, 4),
(20, 1),
(21, 2),
(22, 2),
(23, 1),
(24, 5),
(25, 5),
(26, 5),
(27, 3),
(28, 3),
(29, 4),
(30, 2),
(31, 1),
(32, 4),
(33, 4),
(34, 4),
(35, 3),
(36, 5),
(37, 4),
(38, 1),
(39, 2),
(40, 3),
(41, 1),
(42, 5),
(43, 4),
(44, 5),
(45, 3),
(46, 3),
(47, 4),
(48, 4),
(49, 5),
(50, 3),
(51, 3),
(52, 2),
(53, 5),
(54, 3),
(55, 5),
(56, 5),
(57, 2),
(58, 1),
(59, 4),
(60, 1),
(61, 1),
(62, 2),
(63, 3),
(64, 4),
(65, 4),
(66, 2),
(67, 3),
(68, 1),
(69, 3),
(70, 2),
(71, 2),
(72, 5),
(73, 5),
(74, 3),
(75, 1),
(76, 5),
(77, 3),
(78, 2),
(79, 5),
(80, 2),
(81, 1),
(82, 2),
(83, 4),
(84, 1),
(85, 2),
(86, 5),
(87, 4),
(88, 4),
(89, 1),
(90, 1),
(91, 1),
(92, 3),
(93, 2),
(94, 4),
(95, 1),
(96, 3),
(97, 3),
(98, 5),
(99, 5),
(100, 1);

INSERT INTO Appointments (PatientID, DoctorID, ReceptionistID, AmbulatoryCardID, AppointmentDate, Status, Notes) VALUES
(89, 9, 2, 2, '2025-06-08 16:45:00', 'Очікується', 'Рекомендовано пройти обстеження.'),
(81, 8, 3, 17, '2025-05-24 13:15:00', 'Пацієнт не з’явився', 'Загальний стан задовільний.'),
(57, 6, 3, 23, '2025-06-05 13:15:00', 'Пацієнт не з’явився', 'Проведено візуальний огляд.'),
(14, 9, 2, 10, '2025-05-21 08:15:00', 'Очікується', 'Рекомендовано пройти обстеження.'),
(55, 7, 4, 96, '2025-06-13 17:00:00', 'Прийом завершено', 'Проведено візуальний огляд.'),
(91, 7, 3, 2, '2025-06-10 11:00:00', 'Очікується', 'Проведено візуальний огляд.'),
(44, 8, 5, 27, '2025-06-09 13:15:00', 'Очікується', 'Призначено аналіз крові.'),
(54, 9, 5, 4, '2025-06-05 18:45:00', 'Пацієнт не з’явився', 'Пацієнт скаржиться на головний біль.'),
(25, 2, 3, 77, '2025-05-31 14:30:00', 'Пацієнт не з’явився', 'Призначено аналіз крові.'),
(99, 3, 3, 76, '2025-06-04 12:00:00', 'Пацієнт не з’явився', 'Загальний стан задовільний.'),
(64, 3, 2, 18, '2025-06-07 10:15:00', 'Прийом завершено', 'Потрібна консультація вузького спеціаліста.'),
(43, 10, 4, 22, '2025-06-17 12:15:00', 'Пацієнт не з’явився', 'Потрібна консультація вузького спеціаліста.'),
(31, 8, 4, 32, '2025-05-28 18:15:00', 'Прийом завершено', 'Пацієнт скаржиться на головний біль.'),
(97, 7, 1, 81, '2025-06-05 08:00:00', 'Прийом завершено', 'Пацієнт порушив рекомендації.'),
(12, 6, 4, 56, '2025-05-31 15:30:00', 'Пацієнт не з’явився', 'Призначено аналіз крові.'),
(51, 1, 1, 76, '2025-05-24 17:30:00', 'Очікується', 'Рекомендовано пройти обстеження.'),
(1, 3, 1, 30, '2025-05-25 09:45:00', 'Очікується', 'Загальний стан задовільний.'),
(46, 7, 2, 20, '2025-06-13 10:45:00', 'Пацієнт не з’явився', 'Проведено візуальний огляд.'),
(2, 5, 1, 26, '2025-06-08 16:45:00', 'Прийом завершено', 'Призначено аналіз крові.'),
(56, 10, 2, 41, '2025-06-20 17:30:00', 'Очікується', 'Потрібна консультація вузького спеціаліста.'),
(72, 9, 1, 73, '2025-05-27 17:00:00', 'Пацієнт не з’явився', 'Призначено аналіз крові.'),
(30, 8, 5, 56, '2025-06-02 14:45:00', 'Прийом завершено', 'Загальний стан задовільний.'),
(22, 2, 5, 89, '2025-06-11 16:30:00', 'Пацієнт не з’явився', 'Призначено курс антибіотиків.'),
(34, 4, 3, 76, '2025-05-31 10:45:00', 'Пацієнт не з’явився', 'Пацієнт порушив рекомендації.'),
(21, 1, 2, 40, '2025-06-03 13:30:00', 'Пацієнт не з’явився', 'Пацієнт скаржиться на головний біль.'),
(33, 4, 2, 71, '2025-05-24 14:45:00', 'Прийом завершено', 'Призначено аналіз крові.'),
(88, 9, 1, 73, '2025-05-23 16:45:00', 'Прийом завершено', 'Проведено візуальний огляд.'),
(93, 2, 3, 74, '2025-05-30 14:45:00', 'Прийом завершено', 'Скарг немає.'),
(59, 8, 5, 85, '2025-05-20 09:15:00', 'Прийом завершено', 'Пацієнт скаржиться на головний біль.'),
(65, 2, 2, 87, '2025-05-28 11:00:00', 'Прийом завершено', 'Скарг немає.'),
(56, 4, 4, 9, '2025-05-23 13:15:00', 'Прийом завершено', 'Пацієнт скаржиться на головний біль.'),
(32, 2, 5, 98, '2025-06-17 15:45:00', 'Прийом завершено', 'Потрібна консультація вузького спеціаліста.'),
(70, 10, 5, 53, '2025-06-18 11:45:00', 'Очікується', 'Загальний стан задовільний.'),
(51, 3, 1, 52, '2025-06-15 13:45:00', 'Прийом завершено', 'Рекомендовано пройти обстеження.'),
(14, 2, 2, 19, '2025-06-01 15:45:00', 'Пацієнт не з’явився', 'Проведено візуальний огляд.'),
(79, 9, 1, 78, '2025-05-30 14:15:00', 'Пацієнт не з’явився', 'Потрібна консультація вузького спеціаліста.'),
(28, 4, 3, 66, '2025-06-16 09:45:00', 'Очікується', 'Пацієнт скаржиться на головний біль.'),
(98, 6, 1, 85, '2025-06-14 15:30:00', 'Очікується', 'Загальний стан задовільний.'),
(36, 7, 5, 31, '2025-06-02 15:00:00', 'Очікується', 'Загальний стан задовільний.'),
(10, 9, 4, 1, '2025-06-13 11:00:00', 'Очікується', 'Проведено візуальний огляд.'),
(66, 8, 3, 87, '2025-06-04 16:45:00', 'Очікується', 'Пацієнт скаржиться на головний біль.'),
(75, 9, 1, 10, '2025-06-10 09:00:00', 'Прийом завершено', 'Призначено аналіз крові.'),
(26, 7, 2, 20, '2025-06-06 11:45:00', 'Прийом завершено', 'Проведено візуальний огляд.'),
(71, 1, 4, 14, '2025-05-28 13:00:00', 'Пацієнт не з’явився', 'Пацієнт порушив рекомендації.'),
(93, 8, 4, 81, '2025-06-08 08:45:00', 'Пацієнт не з’явився', 'Скарг немає.'),
(24, 6, 3, 46, '2025-05-25 09:15:00', 'Очікується', 'Проведено візуальний огляд.'),
(99, 4, 4, 56, '2025-06-15 10:15:00', 'Прийом завершено', 'Пацієнт скаржиться на головний біль.'),
(15, 9, 1, 27, '2025-05-21 10:00:00', 'Очікується', 'Скарг немає.'),
(63, 5, 1, 77, '2025-06-13 14:30:00', 'Прийом завершено', 'Потрібна консультація вузького спеціаліста.'),
(78, 8, 3, 89, '2025-05-23 17:45:00', 'Пацієнт не з’явився', 'Скарг немає.'),
(49, 2, 1, 51, '2025-05-26 14:15:00', 'Пацієнт не з’явився', 'Наступний прийом через тиждень.'),
(1, 1, 4, 44, '2025-06-12 16:00:00', 'Прийом завершено', 'Призначено аналіз крові.'),
(17, 5, 2, 72, '2025-05-28 14:45:00', 'Прийом завершено', 'Призначено курс антибіотиків.'),
(40, 2, 2, 91, '2025-06-04 17:45:00', 'Очікується', 'Рекомендовано пройти обстеження.'),
(40, 9, 1, 10, '2025-06-08 10:15:00', 'Прийом завершено', 'Рекомендовано пройти обстеження.'),
(23, 1, 5, 37, '2025-05-24 17:00:00', 'Пацієнт не з’явився', 'Наступний прийом через тиждень.'),
(30, 3, 5, 22, '2025-06-07 11:30:00', 'Прийом завершено', 'Пацієнт скаржиться на головний біль.'),
(53, 5, 2, 20, '2025-05-28 13:15:00', 'Очікується', 'Наступний прийом через тиждень.'),
(61, 6, 3, 71, '2025-06-05 17:15:00', 'Пацієнт не з’явився', 'Рекомендовано пройти обстеження.'),
(4, 2, 5, 59, '2025-06-06 09:15:00', 'Очікується', 'Призначено аналіз крові.'),
(8, 3, 1, 15, '2025-05-21 12:45:00', 'Пацієнт не з’явився', 'Проведено візуальний огляд.'),
(33, 5, 2, 84, '2025-06-06 13:45:00', 'Очікується', 'Призначено аналіз крові.'),
(74, 6, 1, 64, '2025-06-04 15:15:00', 'Пацієнт не з’явився', 'Наступний прийом через тиждень.'),
(33, 2, 3, 26, '2025-06-06 15:00:00', 'Очікується', 'Загальний стан задовільний.'),
(4, 8, 2, 29, '2025-05-20 16:15:00', 'Прийом завершено', 'Рекомендовано пройти обстеження.'),
(65, 8, 4, 20, '2025-06-14 12:45:00', 'Прийом завершено', 'Призначено аналіз крові.'),
(84, 7, 5, 85, '2025-06-14 09:00:00', 'Пацієнт не з’явився', 'Пацієнт скаржиться на головний біль.'),
(13, 7, 2, 75, '2025-05-21 17:15:00', 'Пацієнт не з’явився', 'Пацієнт скаржиться на головний біль.'),
(37, 4, 1, 57, '2025-06-20 12:45:00', 'Очікується', 'Проведено візуальний огляд.'),
(25, 10, 1, 56, '2025-05-23 09:15:00', 'Пацієнт не з’явився', 'Рекомендовано пройти обстеження.'),
(3, 2, 3, 83, '2025-06-09 14:30:00', 'Пацієнт не з’явився', 'Призначено аналіз крові.'),
(94, 5, 1, 88, '2025-06-03 10:45:00', 'Пацієнт не з’явився', 'Призначено аналіз крові.'),
(23, 2, 4, 13, '2025-06-11 10:30:00', 'Пацієнт не з’явився', 'Пацієнт порушив рекомендації.'),
(70, 2, 2, 68, '2025-06-08 13:15:00', 'Прийом завершено', 'Призначено курс антибіотиків.'),
(71, 4, 4, 58, '2025-05-21 11:00:00', 'Пацієнт не з’явився', 'Пацієнт скаржиться на головний біль.'),
(29, 2, 2, 29, '2025-06-19 12:15:00', 'Пацієнт не з’явився', 'Проведено візуальний огляд.'),
(50, 6, 1, 4, '2025-06-20 16:45:00', 'Очікується', 'Призначено аналіз крові.'),
(65, 2, 2, 67, '2025-06-03 16:00:00', 'Очікується', 'Пацієнт порушив рекомендації.'),
(27, 4, 1, 99, '2025-06-17 15:30:00', 'Прийом завершено', 'Пацієнт порушив рекомендації.'),
(35, 9, 2, 56, '2025-05-27 16:15:00', 'Очікується', 'Потрібна консультація вузького спеціаліста.'),
(23, 3, 3, 79, '2025-06-17 11:45:00', 'Пацієнт не з’явився', 'Скарг немає.'),
(5, 8, 3, 2, '2025-06-14 18:30:00', 'Пацієнт не з’явився', 'Призначено аналіз крові.'),
(1, 2, 2, 3, '2025-06-04 18:30:00', 'Прийом завершено', 'Пацієнт скаржиться на головний біль.'),
(61, 3, 2, 52, '2025-06-15 14:45:00', 'Пацієнт не з’явився', 'Скарг немає.'),
(40, 6, 3, 17, '2025-05-30 09:00:00', 'Очікується', 'Пацієнт порушив рекомендації.'),
(38, 2, 4, 73, '2025-06-06 18:00:00', 'Пацієнт не з’явився', 'Проведено візуальний огляд.'),
(4, 10, 2, 37, '2025-05-25 18:45:00', 'Очікується', 'Призначено курс антибіотиків.'),
(35, 2, 3, 22, '2025-05-21 10:00:00', 'Прийом завершено', 'Рекомендовано пройти обстеження.'),
(93, 4, 3, 69, '2025-06-10 11:00:00', 'Прийом завершено', 'Рекомендовано пройти обстеження.'),
(87, 3, 1, 64, '2025-06-19 11:45:00', 'Очікується', 'Потрібна консультація вузького спеціаліста.'),
(100, 2, 3, 34, '2025-05-20 09:30:00', 'Очікується', 'Скарг немає.'),
(17, 8, 5, 100, '2025-06-01 15:30:00', 'Прийом завершено', 'Призначено аналіз крові.'),
(72, 6, 1, 39, '2025-05-23 17:30:00', 'Прийом завершено', 'Пацієнт порушив рекомендації.'),
(17, 6, 1, 87, '2025-05-28 12:00:00', 'Пацієнт не з’явився', 'Скарг немає.'),
(13, 2, 5, 45, '2025-06-10 14:30:00', 'Прийом завершено', 'Потрібна консультація вузького спеціаліста.'),
(74, 1, 4, 34, '2025-05-21 12:30:00', 'Пацієнт не з’явився', 'Загальний стан задовільний.'),
(26, 8, 1, 79, '2025-06-03 17:30:00', 'Прийом завершено', 'Наступний прийом через тиждень.'),
(5, 8, 5, 64, '2025-05-23 12:30:00', 'Очікується', 'Загальний стан задовільний.'),
(17, 2, 5, 91, '2025-06-02 11:00:00', 'Очікується', 'Призначено курс антибіотиків.'),
(75, 2, 5, 78, '2025-06-16 13:45:00', 'Прийом завершено', 'Скарг немає.'),
(48, 7, 1, 4, '2025-06-14 18:15:00', 'Пацієнт не з’явився', 'Потрібна консультація вузького спеціаліста.'),
(67, 10, 4, 44, '2025-05-23 18:30:00', 'Пацієнт не з’явився', 'Рекомендовано пройти обстеження.'),
(34, 9, 1, 17, '2025-06-13 14:15:00', 'Очікується', 'Проведено візуальний огляд.'),
(53, 1, 3, 9, '2025-06-12 17:30:00', 'Прийом завершено', 'Пацієнт порушив рекомендації.'),
(95, 3, 1, 73, '2025-06-14 09:45:00', 'Пацієнт не з’явився', 'Призначено курс антибіотиків.'),
(11, 2, 4, 78, '2025-06-01 08:30:00', 'Прийом завершено', 'Пацієнт скаржиться на головний біль.'),
(42, 9, 1, 2, '2025-06-19 14:15:00', 'Прийом завершено', 'Скарг немає.'),
(30, 6, 2, 20, '2025-06-06 18:30:00', 'Прийом завершено', 'Призначено аналіз крові.'),
(59, 5, 2, 8, '2025-06-04 14:45:00', 'Прийом завершено', 'Скарг немає.'),
(39, 9, 5, 94, '2025-06-12 11:15:00', 'Пацієнт не з’явився', 'Пацієнт порушив рекомендації.'),
(17, 10, 5, 22, '2025-06-02 13:30:00', 'Пацієнт не з’явився', 'Потрібна консультація вузького спеціаліста.'),
(88, 2, 4, 95, '2025-05-23 08:15:00', 'Прийом завершено', 'Пацієнт порушив рекомендації.'),
(8, 5, 1, 25, '2025-05-21 17:45:00', 'Очікується', 'Призначено курс антибіотиків.'),
(56, 9, 2, 48, '2025-06-10 17:15:00', 'Очікується', 'Рекомендовано пройти обстеження.'),
(7, 9, 5, 77, '2025-06-19 18:45:00', 'Пацієнт не з’явився', 'Пацієнт скаржиться на головний біль.'),
(79, 3, 5, 49, '2025-05-29 15:45:00', 'Пацієнт не з’явився', 'Пацієнт порушив рекомендації.'),
(26, 4, 4, 86, '2025-06-01 10:45:00', 'Пацієнт не з’явився', 'Пацієнт скаржиться на головний біль.'),
(33, 7, 4, 93, '2025-06-01 13:15:00', 'Пацієнт не з’явився', 'Пацієнт порушив рекомендації.'),
(97, 10, 4, 53, '2025-05-31 08:15:00', 'Пацієнт не з’явився', 'Пацієнт порушив рекомендації.'),
(6, 6, 1, 18, '2025-06-20 13:00:00', 'Пацієнт не з’явився', 'Пацієнт скаржиться на головний біль.'),
(62, 3, 3, 10, '2025-05-22 13:45:00', 'Пацієнт не з’явився', 'Призначено аналіз крові.'),
(22, 5, 5, 65, '2025-06-03 13:30:00', 'Пацієнт не з’явився', 'Наступний прийом через тиждень.'),
(92, 9, 1, 70, '2025-06-13 15:45:00', 'Прийом завершено', 'Рекомендовано пройти обстеження.'),
(12, 2, 5, 16, '2025-06-12 11:30:00', 'Пацієнт не з’явився', 'Пацієнт порушив рекомендації.'),
(20, 2, 2, 27, '2025-05-28 10:45:00', 'Прийом завершено', 'Призначено курс антибіотиків.'),
(12, 3, 4, 56, '2025-06-12 12:30:00', 'Прийом завершено', 'Рекомендовано пройти обстеження.'),
(43, 3, 5, 74, '2025-06-20 13:00:00', 'Пацієнт не з’явився', 'Рекомендовано пройти обстеження.'),
(53, 8, 4, 1, '2025-06-18 13:30:00', 'Прийом завершено', 'Проведено візуальний огляд.'),
(27, 4, 3, 59, '2025-05-31 13:15:00', 'Прийом завершено', 'Загальний стан задовільний.'),
(58, 8, 3, 77, '2025-06-03 16:30:00', 'Очікується', 'Пацієнт скаржиться на головний біль.'),
(5, 6, 4, 14, '2025-06-16 17:45:00', 'Прийом завершено', 'Наступний прийом через тиждень.'),
(94, 8, 5, 58, '2025-05-21 17:30:00', 'Пацієнт не з’явився', 'Призначено аналіз крові.'),
(60, 7, 2, 13, '2025-06-14 08:15:00', 'Пацієнт не з’явився', 'Призначено аналіз крові.'),
(30, 1, 2, 16, '2025-05-25 08:30:00', 'Очікується', 'Загальний стан задовільний.'),
(40, 2, 4, 54, '2025-05-20 15:45:00', 'Прийом завершено', 'Пацієнт скаржиться на головний біль.'),
(94, 8, 1, 39, '2025-06-10 11:15:00', 'Очікується', 'Пацієнт порушив рекомендації.'),
(69, 9, 5, 5, '2025-06-08 09:00:00', 'Пацієнт не з’явився', 'Проведено візуальний огляд.'),
(23, 2, 4, 14, '2025-06-17 18:45:00', 'Очікується', 'Рекомендовано пройти обстеження.'),
(83, 1, 3, 40, '2025-06-05 17:15:00', 'Пацієнт не з’явився', 'Призначено курс антибіотиків.'),
(53, 1, 2, 22, '2025-06-15 08:15:00', 'Пацієнт не з’явився', 'Призначено курс антибіотиків.'),
(38, 6, 5, 16, '2025-05-28 14:45:00', 'Пацієнт не з’явився', 'Призначено курс антибіотиків.'),
(99, 7, 1, 28, '2025-05-24 17:15:00', 'Очікується', 'Загальний стан задовільний.'),
(3, 8, 5, 75, '2025-06-06 08:00:00', 'Пацієнт не з’явився', 'Скарг немає.'),
(59, 8, 3, 63, '2025-06-17 09:45:00', 'Пацієнт не з’явився', 'Проведено візуальний огляд.'),
(15, 6, 5, 55, '2025-06-07 11:00:00', 'Очікується', 'Призначено аналіз крові.'),
(57, 10, 3, 26, '2025-06-19 16:30:00', 'Прийом завершено', 'Загальний стан задовільний.'),
(72, 10, 2, 82, '2025-05-28 13:00:00', 'Очікується', 'Проведено візуальний огляд.'),
(52, 1, 3, 44, '2025-06-17 13:45:00', 'Прийом завершено', 'Пацієнт скаржиться на головний біль.'),
(38, 4, 4, 72, '2025-06-19 17:30:00', 'Очікується', 'Призначено курс антибіотиків.'),
(98, 7, 2, 92, '2025-05-31 13:45:00', 'Пацієнт не з’явився', 'Рекомендовано пройти обстеження.'),
(11, 4, 2, 9, '2025-06-01 16:15:00', 'Очікується', 'Призначено аналіз крові.'),
(31, 10, 5, 83, '2025-06-15 18:00:00', 'Очікується', 'Проведено візуальний огляд.'),
(58, 1, 4, 5, '2025-05-29 13:00:00', 'Прийом завершено', 'Проведено візуальний огляд.'),
(74, 8, 2, 56, '2025-06-06 17:30:00', 'Очікується', 'Потрібна консультація вузького спеціаліста.'),
(46, 10, 2, 18, '2025-06-14 09:45:00', 'Очікується', 'Потрібна консультація вузького спеціаліста.'),
(73, 10, 3, 21, '2025-06-10 11:45:00', 'Очікується', 'Рекомендовано пройти обстеження.'),
(55, 6, 2, 88, '2025-05-23 09:45:00', 'Прийом завершено', 'Скарг немає.'),
(18, 2, 1, 22, '2025-06-08 13:15:00', 'Очікується', 'Пацієнт порушив рекомендації.'),
(39, 1, 1, 15, '2025-06-20 18:00:00', 'Очікується', 'Потрібна консультація вузького спеціаліста.'),
(45, 8, 2, 51, '2025-06-09 10:00:00', 'Очікується', 'Потрібна консультація вузького спеціаліста.'),
(73, 6, 3, 78, '2025-05-29 09:30:00', 'Очікується', 'Наступний прийом через тиждень.'),
(90, 8, 3, 6, '2025-05-27 08:45:00', 'Пацієнт не з’явився', 'Скарг немає.'),
(77, 2, 1, 23, '2025-06-07 14:45:00', 'Прийом завершено', 'Рекомендовано пройти обстеження.'),
(65, 7, 3, 9, '2025-05-24 14:15:00', 'Очікується', 'Скарг немає.'),
(75, 6, 5, 23, '2025-06-18 15:00:00', 'Прийом завершено', 'Проведено візуальний огляд.'),
(72, 3, 2, 6, '2025-05-29 08:30:00', 'Очікується', 'Призначено курс антибіотиків.'),
(33, 4, 1, 42, '2025-05-29 14:15:00', 'Прийом завершено', 'Проведено візуальний огляд.'),
(95, 10, 2, 95, '2025-06-18 10:45:00', 'Очікується', 'Пацієнт скаржиться на головний біль.'),
(1, 8, 1, 3, '2025-06-10 14:00:00', 'Прийом завершено', 'Проведено візуальний огляд.'),
(7, 8, 2, 8, '2025-06-17 12:00:00', 'Очікується', 'Загальний стан задовільний.'),
(2, 4, 1, 65, '2025-05-20 09:00:00', 'Пацієнт не з’явився', 'Скарг немає.'),
(59, 2, 4, 32, '2025-06-14 11:15:00', 'Пацієнт не з’явився', 'Загальний стан задовільний.'),
(93, 1, 4, 78, '2025-06-03 11:30:00', 'Пацієнт не з’явився', 'Загальний стан задовільний.'),
(67, 3, 2, 65, '2025-06-02 15:15:00', 'Прийом завершено', 'Наступний прийом через тиждень.'),
(11, 10, 5, 50, '2025-05-28 17:15:00', 'Прийом завершено', 'Скарг немає.'),
(63, 3, 2, 94, '2025-06-08 17:15:00', 'Очікується', 'Пацієнт порушив рекомендації.'),
(41, 8, 3, 90, '2025-06-07 09:00:00', 'Прийом завершено', 'Пацієнт порушив рекомендації.'),
(51, 9, 4, 40, '2025-06-14 18:00:00', 'Очікується', 'Призначено аналіз крові.'),
(1, 9, 1, 12, '2025-05-21 14:00:00', 'Пацієнт не з’явився', 'Потрібна консультація вузького спеціаліста.'),
(32, 5, 3, 43, '2025-06-08 08:45:00', 'Прийом завершено', 'Рекомендовано пройти обстеження.'),
(65, 1, 4, 20, '2025-06-07 18:00:00', 'Очікується', 'Наступний прийом через тиждень.'),
(72, 6, 5, 91, '2025-05-20 13:15:00', 'Очікується', 'Призначено аналіз крові.'),
(88, 4, 4, 74, '2025-06-12 15:15:00', 'Очікується', 'Скарг немає.'),
(64, 4, 1, 93, '2025-05-26 10:15:00', 'Прийом завершено', 'Загальний стан задовільний.'),
(41, 8, 5, 57, '2025-06-06 09:45:00', 'Очікується', 'Скарг немає.'),
(32, 7, 3, 18, '2025-05-23 09:15:00', 'Прийом завершено', 'Скарг немає.'),
(87, 3, 1, 82, '2025-06-19 12:15:00', 'Пацієнт не з’явився', 'Рекомендовано пройти обстеження.'),
(74, 1, 3, 21, '2025-06-14 13:15:00', 'Очікується', 'Призначено аналіз крові.'),
(53, 2, 4, 33, '2025-06-20 11:30:00', 'Очікується', 'Наступний прийом через тиждень.'),
(84, 7, 4, 65, '2025-06-08 10:45:00', 'Пацієнт не з’явився', 'Рекомендовано пройти обстеження.'),
(9, 7, 4, 26, '2025-06-03 14:00:00', 'Прийом завершено', 'Пацієнт скаржиться на головний біль.'),
(81, 3, 2, 60, '2025-05-22 12:15:00', 'Прийом завершено', 'Наступний прийом через тиждень.'),
(38, 1, 5, 26, '2025-05-28 14:30:00', 'Прийом завершено', 'Рекомендовано пройти обстеження.'),
(88, 10, 4, 25, '2025-05-20 09:15:00', 'Очікується', 'Призначено курс антибіотиків.'),
(39, 7, 2, 27, '2025-06-16 08:00:00', 'Пацієнт не з’явився', 'Загальний стан задовільний.'),
(42, 8, 5, 36, '2025-06-16 15:15:00', 'Пацієнт не з’явився', 'Призначено аналіз крові.'),
(31, 5, 2, 58, '2025-06-16 08:45:00', 'Пацієнт не з’явився', 'Проведено візуальний огляд.'),
(3, 10, 5, 41, '2025-05-31 12:00:00', 'Прийом завершено', 'Потрібна консультація вузького спеціаліста.'),
(3, 1, 1, 41, '2025-05-25 08:15:00', 'Очікується', 'Скарг немає.'),
(22, 6, 5, 60, '2025-05-31 12:30:00', 'Пацієнт не з’явився', 'Призначено аналіз крові.'),
(88, 6, 5, 8, '2025-06-10 13:15:00', 'Прийом завершено', 'Пацієнт скаржиться на головний біль.'),
(85, 10, 2, 38, '2025-06-17 10:30:00', 'Прийом завершено', 'Проведено візуальний огляд.'),
(87, 7, 3, 36, '2025-06-16 18:30:00', 'Очікується', 'Призначено курс антибіотиків.'),
(13, 7, 4, 7, '2025-06-17 16:30:00', 'Прийом завершено', 'Наступний прийом через тиждень.'),
(43, 6, 4, 97, '2025-05-21 09:30:00', 'Прийом завершено', 'Рекомендовано пройти обстеження.'),
(16, 1, 2, 82, '2025-06-16 10:00:00', 'Прийом завершено', 'Пацієнт порушив рекомендації.'),
(34, 5, 3, 4, '2025-06-05 11:15:00', 'Пацієнт не з’явився', 'Призначено курс антибіотиків.'),
(89, 5, 2, 88, '2025-06-03 08:15:00', 'Прийом завершено', 'Потрібна консультація вузького спеціаліста.'),
(14, 5, 3, 78, '2025-06-03 09:15:00', 'Пацієнт не з’явився', 'Пацієнт порушив рекомендації.'),
(100, 9, 1, 76, '2025-05-31 16:15:00', 'Пацієнт не з’явився', 'Потрібна консультація вузького спеціаліста.'),
(83, 4, 1, 34, '2025-05-27 17:00:00', 'Пацієнт не з’явився', 'Призначено аналіз крові.'),
(11, 3, 2, 24, '2025-05-24 13:15:00', 'Пацієнт не з’явився', 'Пацієнт скаржиться на головний біль.'),
(61, 7, 3, 7, '2025-06-17 17:45:00', 'Очікується', 'Пацієнт порушив рекомендації.'),
(78, 5, 5, 50, '2025-06-10 08:00:00', 'Пацієнт не з’явився', 'Призначено курс антибіотиків.'),
(56, 4, 5, 67, '2025-05-24 11:15:00', 'Очікується', 'Проведено візуальний огляд.'),
(81, 7, 2, 20, '2025-06-05 09:45:00', 'Пацієнт не з’явився', 'Загальний стан задовільний.'),
(53, 2, 4, 69, '2025-05-29 15:15:00', 'Прийом завершено', 'Призначено курс антибіотиків.'),
(37, 5, 1, 14, '2025-05-30 13:45:00', 'Пацієнт не з’явився', 'Рекомендовано пройти обстеження.'),
(40, 10, 4, 86, '2025-06-01 10:45:00', 'Очікується', 'Призначено аналіз крові.'),
(33, 7, 5, 51, '2025-05-25 18:30:00', 'Очікується', 'Пацієнт порушив рекомендації.'),
(98, 7, 2, 75, '2025-05-27 12:00:00', 'Очікується', 'Скарг немає.'),
(37, 7, 2, 89, '2025-06-04 08:00:00', 'Очікується', 'Пацієнт порушив рекомендації.'),
(3, 8, 4, 41, '2025-05-28 14:45:00', 'Прийом завершено', 'Рекомендовано пройти обстеження.'),
(100, 10, 4, 3, '2025-05-29 08:00:00', 'Очікується', 'Наступний прийом через тиждень.'),
(40, 3, 3, 50, '2025-05-26 18:15:00', 'Очікується', 'Пацієнт скаржиться на головний біль.'),
(8, 7, 1, 57, '2025-05-26 18:00:00', 'Прийом завершено', 'Потрібна консультація вузького спеціаліста.'),
(34, 3, 1, 81, '2025-06-13 08:30:00', 'Очікується', 'Призначено аналіз крові.'),
(33, 9, 1, 52, '2025-06-18 18:30:00', 'Прийом завершено', 'Проведено візуальний огляд.'),
(92, 1, 3, 65, '2025-06-12 14:00:00', 'Пацієнт не з’явився', 'Загальний стан задовільний.'),
(42, 10, 1, 57, '2025-06-12 12:00:00', 'Прийом завершено', 'Пацієнт порушив рекомендації.'),
(34, 7, 4, 4, '2025-05-24 10:15:00', 'Прийом завершено', 'Проведено візуальний огляд.'),
(1, 7, 4, 47, '2025-06-04 12:30:00', 'Прийом завершено', 'Призначено курс антибіотиків.'),
(58, 6, 1, 36, '2025-06-19 10:30:00', 'Прийом завершено', 'Рекомендовано пройти обстеження.'),
(45, 7, 2, 92, '2025-06-02 14:45:00', 'Прийом завершено', 'Наступний прийом через тиждень.'),
(51, 8, 5, 47, '2025-06-16 10:00:00', 'Прийом завершено', 'Загальний стан задовільний.'),
(60, 7, 2, 63, '2025-06-13 10:30:00', 'Очікується', 'Пацієнт скаржиться на головний біль.'),
(88, 9, 2, 20, '2025-05-30 16:30:00', 'Прийом завершено', 'Пацієнт порушив рекомендації.'),
(4, 2, 3, 72, '2025-06-09 17:15:00', 'Пацієнт не з’явився', 'Пацієнт порушив рекомендації.'),
(72, 1, 3, 15, '2025-06-05 12:30:00', 'Очікується', 'Потрібна консультація вузького спеціаліста.'),
(21, 3, 5, 13, '2025-06-14 18:45:00', 'Пацієнт не з’явився', 'Призначено курс антибіотиків.'),
(2, 1, 4, 21, '2025-06-15 18:15:00', 'Очікується', 'Загальний стан задовільний.'),
(26, 4, 1, 7, '2025-06-14 16:45:00', 'Прийом завершено', 'Скарг немає.'),
(69, 4, 4, 68, '2025-06-03 16:45:00', 'Очікується', 'Пацієнт скаржиться на головний біль.'),
(5, 9, 5, 97, '2025-06-19 11:45:00', 'Прийом завершено', 'Пацієнт порушив рекомендації.'),
(98, 7, 5, 89, '2025-05-31 12:00:00', 'Пацієнт не з’явився', 'Пацієнт скаржиться на головний біль.'),
(38, 3, 1, 79, '2025-05-23 16:15:00', 'Прийом завершено', 'Скарг немає.'),
(34, 4, 3, 45, '2025-06-05 18:45:00', 'Прийом завершено', 'Пацієнт скаржиться на головний біль.'),
(22, 1, 5, 43, '2025-06-17 11:45:00', 'Очікується', 'Призначено аналіз крові.'),
(86, 9, 2, 38, '2025-06-10 17:15:00', 'Пацієнт не з’явився', 'Призначено аналіз крові.'),
(88, 3, 5, 78, '2025-06-09 16:00:00', 'Пацієнт не з’явився', 'Рекомендовано пройти обстеження.'),
(96, 2, 1, 72, '2025-06-01 08:00:00', 'Очікується', 'Рекомендовано пройти обстеження.'),
(17, 3, 5, 20, '2025-05-31 11:30:00', 'Пацієнт не з’явився', 'Пацієнт порушив рекомендації.'),
(82, 10, 3, 15, '2025-06-16 16:00:00', 'Прийом завершено', 'Призначено аналіз крові.'),
(10, 3, 5, 53, '2025-06-13 18:15:00', 'Прийом завершено', 'Призначено аналіз крові.'),
(78, 5, 2, 20, '2025-06-07 15:45:00', 'Прийом завершено', 'Призначено курс антибіотиків.'),
(45, 7, 2, 19, '2025-06-16 16:15:00', 'Очікується', 'Пацієнт порушив рекомендації.'),
(70, 9, 4, 85, '2025-06-13 17:45:00', 'Прийом завершено', 'Призначено курс антибіотиків.'),
(79, 8, 5, 63, '2025-06-12 18:00:00', 'Пацієнт не з’явився', 'Потрібна консультація вузького спеціаліста.'),
(78, 6, 5, 25, '2025-05-28 09:45:00', 'Прийом завершено', 'Призначено аналіз крові.'),
(91, 2, 3, 53, '2025-06-15 11:15:00', 'Прийом завершено', 'Призначено курс антибіотиків.'),
(11, 10, 1, 11, '2025-06-13 11:00:00', 'Очікується', 'Загальний стан задовільний.'),
(99, 9, 3, 46, '2025-06-05 18:30:00', 'Прийом завершено', 'Проведено візуальний огляд.'),
(55, 1, 1, 70, '2025-06-11 16:45:00', 'Очікується', 'Пацієнт скаржиться на головний біль.'),
(95, 9, 1, 10, '2025-05-31 10:00:00', 'Очікується', 'Загальний стан задовільний.'),
(86, 10, 3, 49, '2025-06-20 08:15:00', 'Прийом завершено', 'Скарг немає.'),
(64, 5, 2, 43, '2025-06-15 16:30:00', 'Прийом завершено', 'Наступний прийом через тиждень.'),
(18, 3, 3, 77, '2025-05-21 09:30:00', 'Прийом завершено', 'Скарг немає.'),
(20, 4, 3, 30, '2025-06-20 12:45:00', 'Пацієнт не з’явився', 'Пацієнт скаржиться на головний біль.'),
(90, 10, 4, 61, '2025-05-22 09:30:00', 'Пацієнт не з’явився', 'Призначено курс антибіотиків.'),
(46, 3, 1, 76, '2025-06-14 13:15:00', 'Очікується', 'Проведено візуальний огляд.'),
(83, 8, 1, 8, '2025-06-09 08:15:00', 'Прийом завершено', 'Загальний стан задовільний.'),
(85, 3, 3, 61, '2025-05-29 12:30:00', 'Очікується', 'Призначено курс антибіотиків.'),
(63, 4, 4, 68, '2025-06-12 10:15:00', 'Очікується', 'Скарг немає.'),
(41, 6, 4, 37, '2025-05-30 11:30:00', 'Прийом завершено', 'Рекомендовано пройти обстеження.'),
(89, 3, 4, 16, '2025-06-09 10:00:00', 'Очікується', 'Рекомендовано пройти обстеження.'),
(55, 6, 2, 38, '2025-06-03 09:15:00', 'Очікується', 'Призначено аналіз крові.'),
(57, 1, 2, 40, '2025-06-03 16:30:00', 'Очікується', 'Скарг немає.'),
(27, 1, 4, 86, '2025-05-30 18:00:00', 'Очікується', 'Загальний стан задовільний.'),
(69, 3, 4, 19, '2025-06-11 11:45:00', 'Очікується', 'Наступний прийом через тиждень.'),
(98, 2, 1, 81, '2025-05-28 16:30:00', 'Очікується', 'Призначено аналіз крові.'),
(25, 6, 5, 25, '2025-05-30 18:15:00', 'Пацієнт не з’явився', 'Пацієнт порушив рекомендації.'),
(75, 6, 2, 19, '2025-06-14 14:00:00', 'Прийом завершено', 'Загальний стан задовільний.'),
(35, 9, 2, 96, '2025-05-30 09:15:00', 'Очікується', 'Скарг немає.'),
(10, 10, 1, 86, '2025-05-24 12:00:00', 'Прийом завершено', 'Призначено аналіз крові.'),
(37, 7, 4, 92, '2025-06-09 08:15:00', 'Пацієнт не з’явився', 'Призначено аналіз крові.'),
(73, 9, 4, 88, '2025-05-31 14:45:00', 'Очікується', 'Скарг немає.'),
(62, 7, 1, 25, '2025-05-25 14:45:00', 'Прийом завершено', 'Скарг немає.'),
(71, 2, 2, 47, '2025-05-27 16:45:00', 'Пацієнт не з’явився', 'Призначено курс антибіотиків.'),
(59, 7, 5, 37, '2025-05-28 16:00:00', 'Пацієнт не з’явився', 'Пацієнт порушив рекомендації.'),
(11, 3, 4, 76, '2025-06-09 18:30:00', 'Пацієнт не з’явився', 'Пацієнт скаржиться на головний біль.'),
(43, 6, 5, 64, '2025-06-08 10:30:00', 'Прийом завершено', 'Рекомендовано пройти обстеження.'),
(74, 1, 3, 9, '2025-06-04 16:15:00', 'Пацієнт не з’явився', 'Призначено курс антибіотиків.'),
(59, 10, 5, 9, '2025-05-20 12:45:00', 'Очікується', 'Пацієнт скаржиться на головний біль.'),
(6, 4, 5, 61, '2025-06-09 13:00:00', 'Прийом завершено', 'Пацієнт порушив рекомендації.'),
(31, 6, 2, 51, '2025-05-24 13:45:00', 'Прийом завершено', 'Потрібна консультація вузького спеціаліста.'),
(1, 4, 4, 34, '2025-06-13 08:00:00', 'Очікується', 'Рекомендовано пройти обстеження.'),
(77, 1, 2, 31, '2025-06-12 09:15:00', 'Пацієнт не з’явився', 'Пацієнт порушив рекомендації.'),
(97, 5, 5, 46, '2025-05-22 09:30:00', 'Прийом завершено', 'Скарг немає.'),
(60, 3, 5, 57, '2025-06-05 11:15:00', 'Пацієнт не з’явився', 'Рекомендовано пройти обстеження.'),
(75, 6, 2, 82, '2025-06-10 12:30:00', 'Прийом завершено', 'Пацієнт скаржиться на головний біль.'),
(18, 7, 4, 39, '2025-06-10 11:30:00', 'Прийом завершено', 'Наступний прийом через тиждень.'),
(73, 5, 5, 64, '2025-06-10 18:45:00', 'Очікується', 'Призначено курс антибіотиків.'),
(14, 10, 5, 19, '2025-06-20 18:15:00', 'Пацієнт не з’явився', 'Рекомендовано пройти обстеження.'),
(52, 7, 5, 16, '2025-05-26 10:30:00', 'Пацієнт не з’явився', 'Скарг немає.'),
(57, 7, 4, 33, '2025-06-10 08:00:00', 'Пацієнт не з’явився', 'Пацієнт скаржиться на головний біль.'),
(48, 7, 2, 46, '2025-05-30 12:30:00', 'Пацієнт не з’явився', 'Загальний стан задовільний.'),
(98, 10, 1, 1, '2025-06-04 09:15:00', 'Очікується', 'Наступний прийом через тиждень.'),
(81, 5, 2, 11, '2025-06-13 08:00:00', 'Пацієнт не з’явився', 'Призначено курс антибіотиків.'),
(3, 6, 2, 42, '2025-05-22 13:15:00', 'Пацієнт не з’явився', 'Пацієнт скаржиться на головний біль.'),
(76, 7, 1, 72, '2025-06-11 08:15:00', 'Пацієнт не з’явився', 'Рекомендовано пройти обстеження.'),
(38, 6, 3, 56, '2025-05-26 17:30:00', 'Очікується', 'Проведено візуальний огляд.'),
(60, 7, 2, 99, '2025-06-08 09:00:00', 'Прийом завершено', 'Пацієнт скаржиться на головний біль.'),
(18, 8, 3, 36, '2025-05-27 13:15:00', 'Прийом завершено', 'Пацієнт скаржиться на головний біль.'),
(5, 4, 3, 67, '2025-05-29 13:45:00', 'Прийом завершено', 'Загальний стан задовільний.'),
(72, 4, 3, 71, '2025-05-31 12:00:00', 'Очікується', 'Потрібна консультація вузького спеціаліста.'),
(67, 2, 2, 53, '2025-05-25 10:45:00', 'Прийом завершено', 'Проведено візуальний огляд.'),
(32, 2, 1, 40, '2025-06-04 12:30:00', 'Прийом завершено', 'Загальний стан задовільний.'),
(52, 7, 4, 10, '2025-06-05 15:30:00', 'Очікується', 'Призначено курс антибіотиків.'),
(16, 3, 4, 43, '2025-06-13 09:00:00', 'Прийом завершено', 'Призначено аналіз крові.'),
(35, 8, 1, 73, '2025-06-10 16:00:00', 'Прийом завершено', 'Наступний прийом через тиждень.'),
(96, 9, 2, 100, '2025-05-21 15:00:00', 'Прийом завершено', 'Загальний стан задовільний.'),
(86, 5, 4, 40, '2025-05-31 14:00:00', 'Пацієнт не з’явився', 'Загальний стан задовільний.'),
(13, 9, 5, 72, '2025-06-20 14:15:00', 'Прийом завершено', 'Пацієнт скаржиться на головний біль.'),
(98, 8, 3, 97, '2025-05-25 08:15:00', 'Прийом завершено', 'Призначено курс антибіотиків.'),
(17, 10, 4, 25, '2025-05-24 14:45:00', 'Пацієнт не з’явився', 'Потрібна консультація вузького спеціаліста.'),
(2, 7, 4, 71, '2025-05-23 12:15:00', 'Очікується', 'Потрібна консультація вузького спеціаліста.'),
(75, 9, 2, 32, '2025-05-22 11:45:00', 'Пацієнт не з’явився', 'Скарг немає.'),
(62, 4, 3, 60, '2025-06-12 12:45:00', 'Очікується', 'Загальний стан задовільний.'),
(36, 5, 1, 14, '2025-05-28 18:00:00', 'Пацієнт не з’явився', 'Загальний стан задовільний.'),
(6, 1, 3, 85, '2025-05-29 10:00:00', 'Прийом завершено', 'Рекомендовано пройти обстеження.'),
(73, 3, 3, 34, '2025-05-28 12:30:00', 'Очікується', 'Пацієнт порушив рекомендації.'),
(78, 8, 3, 37, '2025-06-18 16:00:00', 'Пацієнт не з’явився', 'Проведено візуальний огляд.'),
(17, 1, 4, 75, '2025-06-15 08:30:00', 'Пацієнт не з’явився', 'Наступний прийом через тиждень.'),
(93, 3, 4, 25, '2025-06-04 08:00:00', 'Очікується', 'Пацієнт порушив рекомендації.'),
(69, 2, 5, 50, '2025-06-04 11:00:00', 'Прийом завершено', 'Проведено візуальний огляд.'),
(89, 10, 3, 53, '2025-06-11 16:30:00', 'Очікується', 'Наступний прийом через тиждень.'),
(15, 6, 4, 31, '2025-06-19 09:30:00', 'Очікується', 'Рекомендовано пройти обстеження.'),
(83, 5, 3, 21, '2025-06-01 12:30:00', 'Пацієнт не з’явився', 'Рекомендовано пройти обстеження.'),
(65, 8, 5, 89, '2025-06-13 17:00:00', 'Очікується', 'Скарг немає.'),
(69, 8, 4, 51, '2025-06-09 09:30:00', 'Прийом завершено', 'Пацієнт скаржиться на головний біль.'),
(95, 7, 4, 66, '2025-06-19 18:15:00', 'Очікується', 'Пацієнт скаржиться на головний біль.'),
(44, 4, 4, 73, '2025-06-11 18:00:00', 'Очікується', 'Рекомендовано пройти обстеження.'),
(61, 6, 3, 43, '2025-06-12 18:00:00', 'Прийом завершено', 'Загальний стан задовільний.'),
(48, 9, 2, 5, '2025-05-24 10:15:00', 'Пацієнт не з’явився', 'Призначено курс антибіотиків.'),
(29, 10, 3, 2, '2025-06-06 12:45:00', 'Пацієнт не з’явився', 'Рекомендовано пройти обстеження.'),
(35, 1, 1, 87, '2025-05-28 10:45:00', 'Очікується', 'Пацієнт порушив рекомендації.'),
(23, 3, 3, 3, '2025-05-26 13:45:00', 'Прийом завершено', 'Загальний стан задовільний.'),
(69, 8, 2, 68, '2025-06-10 17:15:00', 'Прийом завершено', 'Призначено курс антибіотиків.'),
(81, 2, 5, 69, '2025-06-09 18:15:00', 'Очікується', 'Призначено аналіз крові.'),
(69, 7, 2, 61, '2025-06-14 12:30:00', 'Прийом завершено', 'Загальний стан задовільний.'),
(67, 10, 3, 79, '2025-06-11 14:00:00', 'Пацієнт не з’явився', 'Призначено аналіз крові.'),
(33, 5, 5, 21, '2025-06-17 14:00:00', 'Прийом завершено', 'Пацієнт порушив рекомендації.'),
(99, 9, 3, 73, '2025-06-17 08:45:00', 'Пацієнт не з’явився', 'Призначено курс антибіотиків.'),
(26, 5, 1, 86, '2025-06-12 18:15:00', 'Пацієнт не з’явився', 'Скарг немає.'),
(11, 5, 5, 16, '2025-05-30 09:45:00', 'Пацієнт не з’явився', 'Пацієнт порушив рекомендації.'),
(8, 8, 2, 75, '2025-06-07 09:30:00', 'Очікується', 'Скарг немає.'),
(96, 2, 2, 77, '2025-06-09 08:15:00', 'Очікується', 'Призначено аналіз крові.'),
(4, 8, 4, 8, '2025-05-27 18:00:00', 'Прийом завершено', 'Рекомендовано пройти обстеження.'),
(88, 9, 4, 7, '2025-06-17 16:00:00', 'Пацієнт не з’явився', 'Пацієнт скаржиться на головний біль.'),
(39, 10, 2, 48, '2025-06-17 11:45:00', 'Очікується', 'Призначено курс антибіотиків.'),
(11, 6, 5, 6, '2025-05-31 13:45:00', 'Прийом завершено', 'Призначено аналіз крові.'),
(80, 9, 1, 98, '2025-06-02 10:30:00', 'Очікується', 'Наступний прийом через тиждень.'),
(15, 10, 1, 37, '2025-05-21 13:30:00', 'Прийом завершено', 'Рекомендовано пройти обстеження.'),
(43, 9, 1, 55, '2025-06-10 09:45:00', 'Пацієнт не з’явився', 'Потрібна консультація вузького спеціаліста.'),
(37, 3, 2, 86, '2025-05-23 18:15:00', 'Пацієнт не з’явився', 'Потрібна консультація вузького спеціаліста.'),
(98, 3, 4, 56, '2025-06-05 08:00:00', 'Прийом завершено', 'Наступний прийом через тиждень.'),
(8, 7, 2, 57, '2025-05-21 10:30:00', 'Очікується', 'Скарг немає.'),
(9, 3, 1, 59, '2025-06-07 15:30:00', 'Очікується', 'Проведено візуальний огляд.'),
(29, 1, 2, 69, '2025-06-18 14:15:00', 'Пацієнт не з’явився', 'Призначено аналіз крові.'),
(38, 3, 1, 65, '2025-06-08 11:00:00', 'Пацієнт не з’явився', 'Призначено курс антибіотиків.'),
(74, 10, 4, 28, '2025-06-03 16:45:00', 'Пацієнт не з’явився', 'Рекомендовано пройти обстеження.'),
(57, 1, 1, 84, '2025-06-18 15:30:00', 'Пацієнт не з’явився', 'Проведено візуальний огляд.'),
(2, 5, 2, 76, '2025-05-24 14:00:00', 'Прийом завершено', 'Скарг немає.'),
(77, 4, 5, 25, '2025-06-19 10:30:00', 'Пацієнт не з’явився', 'Потрібна консультація вузького спеціаліста.'),
(40, 9, 4, 16, '2025-06-07 14:45:00', 'Пацієнт не з’явився', 'Призначено курс антибіотиків.'),
(57, 4, 1, 68, '2025-06-11 12:30:00', 'Прийом завершено', 'Загальний стан задовільний.'),
(30, 10, 4, 5, '2025-06-04 17:00:00', 'Пацієнт не з’явився', 'Призначено курс антибіотиків.'),
(75, 4, 2, 22, '2025-06-11 18:30:00', 'Очікується', 'Загальний стан задовільний.'),
(17, 7, 4, 34, '2025-06-08 13:00:00', 'Пацієнт не з’явився', 'Пацієнт порушив рекомендації.'),
(5, 9, 5, 12, '2025-05-20 18:45:00', 'Очікується', 'Рекомендовано пройти обстеження.'),
(71, 7, 4, 58, '2025-06-20 11:45:00', 'Очікується', 'Призначено курс антибіотиків.'),
(37, 2, 1, 55, '2025-06-09 09:30:00', 'Прийом завершено', 'Пацієнт скаржиться на головний біль.'),
(54, 6, 3, 66, '2025-06-15 10:00:00', 'Очікується', 'Призначено курс антибіотиків.'),
(1, 1, 5, 43, '2025-06-13 13:30:00', 'Прийом завершено', 'Скарг немає.'),
(16, 5, 1, 7, '2025-06-16 14:30:00', 'Пацієнт не з’явився', 'Скарг немає.'),
(59, 9, 3, 82, '2025-06-08 15:00:00', 'Прийом завершено', 'Скарг немає.'),
(96, 3, 3, 20, '2025-06-15 10:30:00', 'Очікується', 'Пацієнт порушив рекомендації.'),
(9, 7, 5, 30, '2025-05-21 16:00:00', 'Очікується', 'Скарг немає.'),
(56, 8, 1, 59, '2025-05-24 18:00:00', 'Очікується', 'Пацієнт скаржиться на головний біль.'),
(98, 6, 4, 43, '2025-06-17 15:15:00', 'Пацієнт не з’явився', 'Потрібна консультація вузького спеціаліста.'),
(50, 2, 1, 53, '2025-06-06 08:00:00', 'Прийом завершено', 'Загальний стан задовільний.'),
(68, 4, 5, 41, '2025-05-27 13:15:00', 'Пацієнт не з’явився', 'Призначено курс антибіотиків.'),
(5, 6, 2, 49, '2025-05-29 09:45:00', 'Прийом завершено', 'Рекомендовано пройти обстеження.'),
(74, 1, 3, 19, '2025-06-14 13:45:00', 'Очікується', 'Рекомендовано пройти обстеження.'),
(22, 2, 4, 64, '2025-05-24 10:00:00', 'Прийом завершено', 'Проведено візуальний огляд.'),
(33, 10, 1, 22, '2025-05-27 12:45:00', 'Пацієнт не з’явився', 'Наступний прийом через тиждень.'),
(32, 5, 1, 44, '2025-06-06 13:15:00', 'Прийом завершено', 'Призначено курс антибіотиків.'),
(13, 7, 2, 16, '2025-06-09 13:15:00', 'Прийом завершено', 'Проведено візуальний огляд.'),
(9, 1, 4, 43, '2025-05-24 16:30:00', 'Пацієнт не з’явився', 'Загальний стан задовільний.'),
(13, 9, 3, 99, '2025-06-17 18:00:00', 'Прийом завершено', 'Потрібна консультація вузького спеціаліста.'),
(11, 4, 2, 39, '2025-06-08 11:00:00', 'Прийом завершено', 'Наступний прийом через тиждень.'),
(73, 6, 2, 84, '2025-06-11 18:15:00', 'Прийом завершено', 'Наступний прийом через тиждень.'),
(13, 2, 2, 77, '2025-05-22 11:00:00', 'Пацієнт не з’явився', 'Скарг немає.'),
(43, 9, 1, 97, '2025-06-20 18:45:00', 'Пацієнт не з’явився', 'Призначено курс антибіотиків.'),
(50, 10, 1, 56, '2025-06-13 16:45:00', 'Очікується', 'Загальний стан задовільний.'),
(81, 9, 3, 54, '2025-06-04 09:00:00', 'Прийом завершено', 'Рекомендовано пройти обстеження.'),
(7, 7, 3, 58, '2025-06-11 13:45:00', 'Прийом завершено', 'Призначено курс антибіотиків.'),
(37, 3, 3, 89, '2025-06-17 17:15:00', 'Очікується', 'Потрібна консультація вузького спеціаліста.'),
(72, 10, 5, 90, '2025-05-31 15:45:00', 'Прийом завершено', 'Загальний стан задовільний.'),
(82, 9, 4, 21, '2025-06-13 13:00:00', 'Пацієнт не з’явився', 'Наступний прийом через тиждень.'),
(89, 2, 2, 64, '2025-05-20 14:15:00', 'Очікується', 'Скарг немає.'),
(25, 4, 3, 99, '2025-06-18 15:45:00', 'Очікується', 'Призначено курс антибіотиків.'),
(8, 4, 4, 78, '2025-05-24 13:30:00', 'Пацієнт не з’явився', 'Рекомендовано пройти обстеження.'),
(93, 7, 5, 13, '2025-06-09 12:15:00', 'Очікується', 'Скарг немає.'),
(4, 7, 5, 53, '2025-05-28 13:45:00', 'Очікується', 'Рекомендовано пройти обстеження.'),
(74, 1, 3, 28, '2025-06-13 12:15:00', 'Прийом завершено', 'Призначено курс антибіотиків.'),
(44, 1, 2, 76, '2025-06-11 11:00:00', 'Очікується', 'Призначено курс антибіотиків.'),
(32, 1, 1, 79, '2025-05-27 16:30:00', 'Очікується', 'Проведено візуальний огляд.'),
(19, 10, 5, 29, '2025-05-23 18:00:00', 'Очікується', 'Потрібна консультація вузького спеціаліста.'),
(69, 1, 4, 98, '2025-06-19 11:15:00', 'Пацієнт не з’явився', 'Наступний прийом через тиждень.'),
(62, 7, 2, 73, '2025-05-25 09:15:00', 'Прийом завершено', 'Скарг немає.'),
(11, 10, 2, 2, '2025-05-23 15:15:00', 'Пацієнт не з’явився', 'Потрібна консультація вузького спеціаліста.'),
(44, 6, 2, 25, '2025-06-07 09:30:00', 'Очікується', 'Наступний прийом через тиждень.'),
(99, 10, 4, 11, '2025-06-14 13:45:00', 'Пацієнт не з’явився', 'Скарг немає.'),
(90, 2, 2, 84, '2025-06-09 13:15:00', 'Прийом завершено', 'Потрібна консультація вузького спеціаліста.'),
(57, 2, 3, 55, '2025-06-01 11:15:00', 'Пацієнт не з’явився', 'Потрібна консультація вузького спеціаліста.'),
(72, 6, 4, 89, '2025-05-23 12:45:00', 'Пацієнт не з’явився', 'Потрібна консультація вузького спеціаліста.'),
(38, 4, 1, 34, '2025-06-01 17:15:00', 'Прийом завершено', 'Пацієнт скаржиться на головний біль.'),
(7, 10, 5, 8, '2025-06-01 17:30:00', 'Прийом завершено', 'Призначено аналіз крові.'),
(37, 5, 2, 19, '2025-05-20 18:00:00', 'Пацієнт не з’явився', 'Призначено аналіз крові.'),
(60, 2, 3, 64, '2025-06-11 17:15:00', 'Прийом завершено', 'Скарг немає.'),
(83, 2, 3, 28, '2025-06-16 08:45:00', 'Очікується', 'Пацієнт порушив рекомендації.'),
(8, 9, 2, 96, '2025-05-23 10:30:00', 'Пацієнт не з’явився', 'Пацієнт порушив рекомендації.'),
(17, 10, 1, 82, '2025-06-07 12:45:00', 'Прийом завершено', 'Пацієнт порушив рекомендації.'),
(43, 10, 3, 92, '2025-06-07 16:30:00', 'Прийом завершено', 'Рекомендовано пройти обстеження.'),
(52, 2, 5, 13, '2025-06-11 08:15:00', 'Пацієнт не з’явився', 'Наступний прийом через тиждень.'),
(6, 4, 4, 14, '2025-06-01 11:00:00', 'Очікується', 'Рекомендовано пройти обстеження.'),
(13, 2, 3, 78, '2025-06-13 16:00:00', 'Очікується', 'Пацієнт порушив рекомендації.'),
(84, 3, 5, 36, '2025-06-20 08:15:00', 'Пацієнт не з’явився', 'Проведено візуальний огляд.'),
(30, 8, 2, 25, '2025-05-20 09:30:00', 'Очікується', 'Пацієнт порушив рекомендації.'),
(1, 1, 4, 27, '2025-05-25 08:15:00', 'Прийом завершено', 'Скарг немає.'),
(27, 10, 1, 55, '2025-06-05 09:15:00', 'Пацієнт не з’явився', 'Призначено аналіз крові.'),
(11, 2, 2, 19, '2025-06-20 15:15:00', 'Очікується', 'Проведено візуальний огляд.'),
(68, 5, 2, 17, '2025-06-18 10:00:00', 'Очікується', 'Рекомендовано пройти обстеження.'),
(67, 8, 2, 36, '2025-06-13 11:30:00', 'Прийом завершено', 'Пацієнт скаржиться на головний біль.'),
(97, 2, 1, 54, '2025-05-20 10:45:00', 'Очікується', 'Потрібна консультація вузького спеціаліста.'),
(73, 5, 5, 75, '2025-06-08 13:15:00', 'Пацієнт не з’явився', 'Рекомендовано пройти обстеження.'),
(75, 5, 3, 71, '2025-05-28 14:45:00', 'Пацієнт не з’явився', 'Пацієнт порушив рекомендації.'),
(58, 2, 5, 26, '2025-06-04 18:15:00', 'Пацієнт не з’явився', 'Наступний прийом через тиждень.'),
(40, 7, 4, 4, '2025-05-26 13:15:00', 'Прийом завершено', 'Скарг немає.'),
(15, 8, 2, 88, '2025-05-29 12:45:00', 'Очікується', 'Проведено візуальний огляд.'),
(54, 8, 5, 15, '2025-06-15 15:30:00', 'Очікується', 'Скарг немає.'),
(95, 8, 3, 45, '2025-06-15 18:00:00', 'Прийом завершено', 'Рекомендовано пройти обстеження.'),
(20, 3, 4, 54, '2025-06-04 10:30:00', 'Очікується', 'Скарг немає.'),
(19, 4, 3, 44, '2025-06-01 11:15:00', 'Прийом завершено', 'Призначено курс антибіотиків.'),
(50, 8, 3, 22, '2025-05-30 10:15:00', 'Прийом завершено', 'Загальний стан задовільний.'),
(38, 8, 3, 76, '2025-05-31 16:30:00', 'Пацієнт не з’явився', 'Скарг немає.'),
(41, 8, 4, 58, '2025-06-09 12:45:00', 'Прийом завершено', 'Призначено аналіз крові.'),
(52, 2, 2, 89, '2025-05-22 15:30:00', 'Очікується', 'Призначено курс антибіотиків.'),
(42, 6, 1, 45, '2025-06-15 10:30:00', 'Прийом завершено', 'Загальний стан задовільний.'),
(13, 4, 1, 11, '2025-06-16 08:30:00', 'Очікується', 'Проведено візуальний огляд.'),
(38, 9, 3, 27, '2025-05-25 15:45:00', 'Пацієнт не з’явився', 'Рекомендовано пройти обстеження.'),
(80, 3, 5, 72, '2025-06-20 14:15:00', 'Прийом завершено', 'Рекомендовано пройти обстеження.'),
(9, 4, 2, 75, '2025-06-11 16:45:00', 'Пацієнт не з’явився', 'Проведено візуальний огляд.'),
(51, 3, 2, 95, '2025-06-18 14:45:00', 'Прийом завершено', 'Пацієнт порушив рекомендації.'),
(13, 6, 5, 77, '2025-06-07 17:30:00', 'Пацієнт не з’явився', 'Проведено візуальний огляд.'),
(38, 3, 5, 53, '2025-06-07 11:45:00', 'Очікується', 'Загальний стан задовільний.'),
(81, 7, 1, 24, '2025-06-17 16:30:00', 'Очікується', 'Наступний прийом через тиждень.'),
(12, 4, 5, 88, '2025-05-21 16:30:00', 'Прийом завершено', 'Пацієнт скаржиться на головний біль.'),
(98, 1, 1, 58, '2025-05-21 12:00:00', 'Прийом завершено', 'Скарг немає.'),
(15, 10, 5, 51, '2025-06-15 08:15:00', 'Прийом завершено', 'Рекомендовано пройти обстеження.'),
(31, 10, 5, 73, '2025-06-10 11:30:00', 'Очікується', 'Пацієнт порушив рекомендації.'),
(86, 1, 3, 60, '2025-05-22 18:15:00', 'Прийом завершено', 'Наступний прийом через тиждень.'),
(76, 7, 5, 43, '2025-05-21 17:30:00', 'Пацієнт не з’явився', 'Наступний прийом через тиждень.'),
(85, 1, 3, 64, '2025-06-01 18:30:00', 'Прийом завершено', 'Потрібна консультація вузького спеціаліста.'),
(47, 3, 1, 24, '2025-06-18 15:45:00', 'Прийом завершено', 'Пацієнт порушив рекомендації.'),
(48, 8, 2, 67, '2025-06-01 18:15:00', 'Пацієнт не з’явився', 'Призначено курс антибіотиків.'),
(62, 5, 3, 6, '2025-05-31 08:45:00', 'Прийом завершено', 'Наступний прийом через тиждень.'),
(22, 1, 2, 95, '2025-05-28 10:30:00', 'Очікується', 'Рекомендовано пройти обстеження.'),
(24, 4, 5, 28, '2025-06-07 17:45:00', 'Очікується', 'Потрібна консультація вузького спеціаліста.'),
(62, 5, 3, 54, '2025-05-31 12:45:00', 'Прийом завершено', 'Пацієнт скаржиться на головний біль.'),
(85, 1, 2, 5, '2025-06-20 09:30:00', 'Прийом завершено', 'Проведено візуальний огляд.'),
(96, 9, 4, 9, '2025-06-08 11:00:00', 'Прийом завершено', 'Пацієнт порушив рекомендації.'),
(55, 10, 3, 81, '2025-06-04 16:00:00', 'Пацієнт не з’явився', 'Скарг немає.'),
(92, 4, 1, 74, '2025-06-15 11:45:00', 'Очікується', 'Призначено курс антибіотиків.'),
(3, 8, 5, 30, '2025-06-04 14:00:00', 'Очікується', 'Скарг немає.'),
(86, 10, 5, 58, '2025-05-22 13:45:00', 'Прийом завершено', 'Пацієнт порушив рекомендації.'),
(59, 3, 4, 60, '2025-06-03 09:00:00', 'Пацієнт не з’явився', 'Загальний стан задовільний.'),
(85, 6, 2, 71, '2025-06-13 08:45:00', 'Прийом завершено', 'Потрібна консультація вузького спеціаліста.'),
(34, 8, 3, 67, '2025-06-09 14:15:00', 'Прийом завершено', 'Рекомендовано пройти обстеження.'),
(69, 1, 4, 77, '2025-05-28 13:15:00', 'Прийом завершено', 'Рекомендовано пройти обстеження.'),
(40, 9, 1, 1, '2025-06-11 17:30:00', 'Пацієнт не з’явився', 'Загальний стан задовільний.'),
(35, 5, 2, 15, '2025-06-06 08:30:00', 'Прийом завершено', 'Потрібна консультація вузького спеціаліста.'),
(67, 6, 3, 59, '2025-05-27 12:15:00', 'Очікується', 'Призначено аналіз крові.'),
(87, 1, 2, 81, '2025-06-19 09:30:00', 'Прийом завершено', 'Призначено курс антибіотиків.'),
(96, 8, 1, 71, '2025-05-24 14:45:00', 'Очікується', 'Пацієнт скаржиться на головний біль.'),
(9, 5, 3, 93, '2025-05-27 14:00:00', 'Пацієнт не з’явився', 'Проведено візуальний огляд.'),
(14, 8, 1, 29, '2025-05-24 18:30:00', 'Очікується', 'Призначено аналіз крові.'),
(14, 3, 5, 41, '2025-06-07 08:45:00', 'Очікується', 'Проведено візуальний огляд.'),
(40, 6, 4, 92, '2025-05-24 10:45:00', 'Очікується', 'Скарг немає.'),

( 1, 1, 1,  1, '2025-06-23 09:00:00', 'Очікується', 'Плановий огляд після хірургічного втручання.'),
( 2, 1, 2,  2, '2025-06-23 10:00:00', 'Очікується', 'Призначено перев’язку та зміну пов’язок.'),
( 3, 1, 3,  3, '2025-06-23 11:00:00', 'Очікується', 'Рекомендовано курс знеболювальних препаратів.'),
( 4, 1, 4,  4, '2025-06-23 12:00:00', 'Очікується', 'Оцінка загоєння рани, при необхідності – шви.'),
( 5, 1, 5,  5, '2025-06-23 13:00:00', 'Очікується', 'Призначено курс антибіотикотерапії.'),

(17, 1, 2, 17, '2025-06-25 09:00:00', 'Очікується', 'Перевірка дренажу та його видалення.'),
(18, 1, 3, 18, '2025-06-25 10:00:00', 'Очікується', 'Оцінка постопераційного болю, корекція анальгезії.'),
(19, 1, 4, 19, '2025-06-25 11:00:00', 'Очікується', 'Призначено зміну антибіотика при необхідності.'),
(20, 1, 5, 20, '2025-06-25 12:00:00', 'Очікується', 'Рекомендовано компресивну терапію.'),
(21, 1, 1, 21, '2025-06-25 13:00:00', 'Очікується', 'Оцінка набряку та його корекція.'),
(22, 1, 2, 22, '2025-06-25 15:00:00', 'Очікується', 'Призначено курс знеболюючих ін’єкцій.'),
(23, 1, 3, 23, '2025-06-25 16:00:00', 'Очікується', 'Перев’язка з антисептичним розчином.'),
(24, 1, 4, 24, '2025-06-25 17:00:00', 'Очікується', 'Плановий контроль заживання тканин.');
