-- MySQL dump 10.13  Distrib 8.0.41, for Win64 (x86_64)
--
-- Host: 127.0.0.1    Database: clinic
-- ------------------------------------------------------
-- Server version	9.2.0

/*!40101 SET @OLD_CHARACTER_SET_CLIENT=@@CHARACTER_SET_CLIENT */;
/*!40101 SET @OLD_CHARACTER_SET_RESULTS=@@CHARACTER_SET_RESULTS */;
/*!40101 SET @OLD_COLLATION_CONNECTION=@@COLLATION_CONNECTION */;
/*!50503 SET NAMES utf8 */;
/*!40103 SET @OLD_TIME_ZONE=@@TIME_ZONE */;
/*!40103 SET TIME_ZONE='+00:00' */;
/*!40014 SET @OLD_UNIQUE_CHECKS=@@UNIQUE_CHECKS, UNIQUE_CHECKS=0 */;
/*!40014 SET @OLD_FOREIGN_KEY_CHECKS=@@FOREIGN_KEY_CHECKS, FOREIGN_KEY_CHECKS=0 */;
/*!40101 SET @OLD_SQL_MODE=@@SQL_MODE, SQL_MODE='NO_AUTO_VALUE_ON_ZERO' */;
/*!40111 SET @OLD_SQL_NOTES=@@SQL_NOTES, SQL_NOTES=0 */;

--
-- Table structure for table `allergies`
--

DROP TABLE IF EXISTS `allergies`;
/*!40101 SET @saved_cs_client     = @@character_set_client */;
/*!50503 SET character_set_client = utf8mb4 */;
CREATE TABLE `allergies` (
  `AllergyID` int NOT NULL AUTO_INCREMENT,
  `Name` varchar(100) NOT NULL,
  PRIMARY KEY (`AllergyID`),
  UNIQUE KEY `Name` (`Name`)
) ENGINE=InnoDB AUTO_INCREMENT=7 DEFAULT CHARSET=utf8mb4 COLLATE=utf8mb4_0900_ai_ci;
/*!40101 SET character_set_client = @saved_cs_client */;

--
-- Dumping data for table `allergies`
--

LOCK TABLES `allergies` WRITE;
/*!40000 ALTER TABLE `allergies` DISABLE KEYS */;
INSERT INTO `allergies` VALUES (3,'Глютен'),(4,'Мед'),(2,'Пеніцилін'),(1,'Пилок'),(6,'хуй'),(5,'Шерсть');
/*!40000 ALTER TABLE `allergies` ENABLE KEYS */;
UNLOCK TABLES;

--
-- Table structure for table `ambulatorycards`
--

DROP TABLE IF EXISTS `ambulatorycards`;
/*!40101 SET @saved_cs_client     = @@character_set_client */;
/*!50503 SET character_set_client = utf8mb4 */;
CREATE TABLE `ambulatorycards` (
  `AmbulatoryCardID` int NOT NULL AUTO_INCREMENT,
  `PatientID` int NOT NULL,
  `CreationDate` date NOT NULL,
  `CardNumber` varchar(20) DEFAULT NULL,
  `BloodType` enum('A+','A-','B+','B-','AB+','AB-','O+','O-') DEFAULT NULL,
  PRIMARY KEY (`AmbulatoryCardID`),
  UNIQUE KEY `CardNumber` (`CardNumber`),
  KEY `PatientID` (`PatientID`),
  CONSTRAINT `ambulatorycards_ibfk_1` FOREIGN KEY (`PatientID`) REFERENCES `patients` (`PatientID`)
) ENGINE=InnoDB AUTO_INCREMENT=101 DEFAULT CHARSET=utf8mb4 COLLATE=utf8mb4_0900_ai_ci;
/*!40101 SET character_set_client = @saved_cs_client */;

--
-- Dumping data for table `ambulatorycards`
--

LOCK TABLES `ambulatorycards` WRITE;
/*!40000 ALTER TABLE `ambulatorycards` DISABLE KEYS */;
INSERT INTO `ambulatorycards` VALUES (1,1,'2021-02-06','AC0001','B+'),(2,2,'2023-01-10','AC0002','B-'),(3,3,'2021-03-20','AC0003','A+'),(4,4,'2023-06-30','AC0004','O+'),(5,5,'2023-12-11','AC0005','A+'),(6,6,'2023-10-09','AC0006','O-'),(7,7,'2020-08-14','AC0007','B-'),(8,8,'2020-03-14','AC0008','B-'),(9,9,'2022-09-28','AC0009','B+'),(10,10,'2020-01-19','AC0010','A+'),(11,11,'2024-01-17','AC0011','B-'),(12,12,'2020-06-02','AC0012','AB+'),(13,13,'2022-01-01','AC0013','AB-'),(14,14,'2022-10-11','AC0014','AB+'),(15,15,'2021-05-07','AC0015','O+'),(16,16,'2021-06-30','AC0016','B-'),(17,17,'2023-06-20','AC0017','A-'),(18,18,'2022-12-04','AC0018','AB-'),(19,19,'2023-12-09','AC0019','O+'),(20,20,'2022-07-27','AC0020','AB+'),(21,21,'2024-01-28','AC0021','A+'),(22,22,'2023-07-25','AC0022','AB-'),(23,23,'2023-10-16','AC0023','B+'),(24,24,'2020-05-04','AC0024','B+'),(25,25,'2023-10-02','AC0025','A+'),(26,26,'2022-11-22','AC0026','B-'),(27,27,'2021-06-24','AC0027','A+'),(28,28,'2021-08-21','AC0028','A-'),(29,29,'2022-08-21','AC0029','B+'),(30,30,'2021-11-29','AC0030','B-'),(31,31,'2020-08-15','AC0031','B-'),(32,32,'2021-07-05','AC0032','A+'),(33,33,'2021-07-05','AC0033','AB+'),(34,34,'2023-05-19','AC0034','AB-'),(35,35,'2020-07-27','AC0035','A-'),(36,36,'2021-04-14','AC0036','B-'),(37,37,'2021-05-11','AC0037','AB+'),(38,38,'2020-11-19','AC0038','O+'),(39,39,'2021-01-31','AC0039','B+'),(40,40,'2020-02-05','AC0040','AB+'),(41,41,'2020-03-12','AC0041','O-'),(42,42,'2023-04-27','AC0042','O+'),(43,43,'2023-02-21','AC0043','A-'),(44,44,'2020-06-13','AC0044','B+'),(45,45,'2023-03-18','AC0045','O-'),(46,46,'2020-11-13','AC0046','A+'),(47,47,'2021-09-15','AC0047','O+'),(48,48,'2020-11-27','AC0048','AB-'),(49,49,'2023-08-25','AC0049','B-'),(50,50,'2020-06-13','AC0050','AB+'),(51,51,'2023-04-08','AC0051','O-'),(52,52,'2021-02-12','AC0052','AB-'),(53,53,'2022-06-27','AC0053','A+'),(54,54,'2021-08-11','AC0054','A+'),(55,55,'2020-09-20','AC0055','B+'),(56,56,'2020-03-07','AC0056','A-'),(57,57,'2022-09-18','AC0057','O+'),(58,58,'2023-01-10','AC0058','AB+'),(59,59,'2022-12-01','AC0059','O-'),(60,60,'2022-06-08','AC0060','A-'),(61,61,'2023-10-21','AC0061','B+'),(62,62,'2021-02-21','AC0062','O+'),(63,63,'2022-06-06','AC0063','AB+'),(64,64,'2020-04-18','AC0064','AB-'),(65,65,'2021-08-20','AC0065','A-'),(66,66,'2020-02-15','AC0066','B-'),(67,67,'2024-01-29','AC0067','AB+'),(68,68,'2020-07-27','AC0068','B-'),(69,69,'2023-10-03','AC0069','B-'),(70,70,'2020-09-23','AC0070','B+'),(71,71,'2022-08-11','AC0071','AB+'),(72,72,'2023-12-01','AC0072','AB+'),(73,73,'2020-03-08','AC0073','AB+'),(74,74,'2021-01-01','AC0074','B+'),(75,75,'2023-10-14','AC0075','A-'),(76,76,'2020-05-14','AC0076','O-'),(77,77,'2021-03-15','AC0077','O-'),(78,78,'2020-10-20','AC0078','A+'),(79,79,'2021-10-06','AC0079','AB-'),(80,80,'2021-08-13','AC0080','AB+'),(81,81,'2021-06-04','AC0081','AB-'),(82,82,'2021-10-09','AC0082','A-'),(83,83,'2020-05-13','AC0083','O+'),(84,84,'2023-04-21','AC0084','O+'),(85,85,'2021-10-10','AC0085','A-'),(86,86,'2021-03-19','AC0086','A-'),(87,87,'2022-04-02','AC0087','B-'),(88,88,'2023-11-19','AC0088','O-'),(89,89,'2021-11-28','AC0089','AB-'),(90,90,'2020-07-20','AC0090','A+'),(91,91,'2021-09-07','AC0091','A-'),(92,92,'2024-01-21','AC0092','AB+'),(93,93,'2021-06-08','AC0093','O+'),(94,94,'2023-05-09','AC0094','A+'),(95,95,'2020-01-22','AC0095','B-'),(96,96,'2024-01-12','AC0096','A-'),(97,97,'2022-07-05','AC0097','AB-'),(98,98,'2020-08-13','AC0098','B-'),(99,99,'2021-12-16','AC0099','O+'),(100,100,'2022-11-12','AC0100','A+');
/*!40000 ALTER TABLE `ambulatorycards` ENABLE KEYS */;
UNLOCK TABLES;

--
-- Table structure for table `appointments`
--

DROP TABLE IF EXISTS `appointments`;
/*!40101 SET @saved_cs_client     = @@character_set_client */;
/*!50503 SET character_set_client = utf8mb4 */;
CREATE TABLE `appointments` (
  `AppointmentID` int NOT NULL AUTO_INCREMENT,
  `PatientID` int NOT NULL,
  `DoctorID` int NOT NULL,
  `ReceptionistID` int DEFAULT NULL,
  `AmbulatoryCardID` int NOT NULL,
  `AppointmentDate` datetime NOT NULL,
  `Status` enum('Прийом завершено','Пацієнт не з’явився','Очікується') DEFAULT 'Очікується',
  `Notes` text,
  PRIMARY KEY (`AppointmentID`),
  KEY `PatientID` (`PatientID`),
  KEY `DoctorID` (`DoctorID`),
  KEY `ReceptionistID` (`ReceptionistID`),
  KEY `AmbulatoryCardID` (`AmbulatoryCardID`),
  CONSTRAINT `appointments_ibfk_1` FOREIGN KEY (`PatientID`) REFERENCES `patients` (`PatientID`),
  CONSTRAINT `appointments_ibfk_2` FOREIGN KEY (`DoctorID`) REFERENCES `doctors` (`DoctorID`),
  CONSTRAINT `appointments_ibfk_3` FOREIGN KEY (`ReceptionistID`) REFERENCES `receptionist` (`ReceptionistID`),
  CONSTRAINT `appointments_ibfk_4` FOREIGN KEY (`AmbulatoryCardID`) REFERENCES `ambulatorycards` (`AmbulatoryCardID`)
) ENGINE=InnoDB AUTO_INCREMENT=517 DEFAULT CHARSET=utf8mb4 COLLATE=utf8mb4_0900_ai_ci;
/*!40101 SET character_set_client = @saved_cs_client */;

--
-- Dumping data for table `appointments`
--

LOCK TABLES `appointments` WRITE;
/*!40000 ALTER TABLE `appointments` DISABLE KEYS */;
INSERT INTO `appointments` VALUES (1,89,9,2,2,'2025-06-08 16:45:00','Пацієнт не з’явився','Рекомендовано пройти обстеження.'),(2,81,8,3,17,'2025-05-24 13:15:00','Пацієнт не з’явився','Загальний стан задовільний.'),(3,57,6,3,23,'2025-06-05 13:15:00','Пацієнт не з’явився','Проведено візуальний огляд.'),(4,14,9,2,10,'2025-05-21 08:15:00','Пацієнт не з’явився','Рекомендовано пройти обстеження.'),(5,55,7,4,96,'2025-06-13 17:00:00','Прийом завершено','Проведено візуальний огляд.'),(6,91,7,3,2,'2025-06-10 11:00:00','Пацієнт не з’явився','Проведено візуальний огляд.'),(7,44,8,5,27,'2025-06-09 13:15:00','Пацієнт не з’явився','Призначено аналіз крові.'),(8,54,9,5,4,'2025-06-05 18:45:00','Пацієнт не з’явився','Пацієнт скаржиться на головний біль.'),(9,25,2,3,77,'2025-05-31 14:30:00','Пацієнт не з’явився','Призначено аналіз крові.'),(10,99,3,3,76,'2025-06-04 12:00:00','Пацієнт не з’явився','Загальний стан задовільний.'),(11,64,3,2,18,'2025-06-07 10:15:00','Прийом завершено','Потрібна консультація вузького спеціаліста.'),(12,43,10,4,22,'2025-06-17 12:15:00','Пацієнт не з’явився','Потрібна консультація вузького спеціаліста.'),(13,31,8,4,32,'2025-05-28 18:15:00','Прийом завершено','Пацієнт скаржиться на головний біль.'),(14,97,7,1,81,'2025-06-05 08:00:00','Прийом завершено','Пацієнт порушив рекомендації.'),(15,12,6,4,56,'2025-05-31 15:30:00','Пацієнт не з’явився','Призначено аналіз крові.'),(16,51,1,1,76,'2025-05-24 17:30:00','Пацієнт не з’явився','Рекомендовано пройти обстеження.'),(17,1,3,1,30,'2025-05-25 09:45:00','Пацієнт не з’явився','Загальний стан задовільний.'),(18,46,7,2,20,'2025-06-13 10:45:00','Пацієнт не з’явився','Проведено візуальний огляд.'),(19,2,5,1,26,'2025-06-08 16:45:00','Прийом завершено','Призначено аналіз крові.'),(20,56,10,2,41,'2025-06-20 17:30:00','Пацієнт не з’явився','Потрібна консультація вузького спеціаліста.'),(21,72,9,1,73,'2025-05-27 17:00:00','Пацієнт не з’явився','Призначено аналіз крові.'),(22,30,8,5,56,'2025-06-02 14:45:00','Прийом завершено','Загальний стан задовільний.'),(23,22,2,5,89,'2025-06-11 16:30:00','Пацієнт не з’явився','Призначено курс антибіотиків.'),(24,34,4,3,76,'2025-05-31 10:45:00','Пацієнт не з’явився','Пацієнт порушив рекомендації.'),(25,21,1,2,40,'2025-06-03 13:30:00','Пацієнт не з’явився','Пацієнт скаржиться на головний біль.'),(26,33,4,2,71,'2025-05-24 14:45:00','Прийом завершено','Призначено аналіз крові.'),(27,88,9,1,73,'2025-05-23 16:45:00','Прийом завершено','Проведено візуальний огляд.'),(28,93,2,3,74,'2025-05-30 14:45:00','Прийом завершено','Скарг немає.'),(29,59,8,5,85,'2025-05-20 09:15:00','Прийом завершено','Пацієнт скаржиться на головний біль.'),(30,65,2,2,87,'2025-05-28 11:00:00','Прийом завершено','Скарг немає.'),(31,56,4,4,9,'2025-05-23 13:15:00','Прийом завершено','Пацієнт скаржиться на головний біль.'),(32,32,2,5,98,'2025-06-17 15:45:00','Прийом завершено','Потрібна консультація вузького спеціаліста.'),(33,70,10,5,53,'2025-06-18 11:45:00','Пацієнт не з’явився','Загальний стан задовільний.'),(34,51,3,1,52,'2025-06-15 13:45:00','Прийом завершено','Рекомендовано пройти обстеження.'),(35,14,2,2,19,'2025-06-01 15:45:00','Пацієнт не з’явився','Проведено візуальний огляд.'),(36,79,9,1,78,'2025-05-30 14:15:00','Пацієнт не з’явився','Потрібна консультація вузького спеціаліста.'),(37,28,4,3,66,'2025-06-16 09:45:00','Пацієнт не з’явився','Пацієнт скаржиться на головний біль.'),(38,98,6,1,85,'2025-06-14 15:30:00','Пацієнт не з’явився','Загальний стан задовільний.'),(39,36,7,5,31,'2025-06-02 15:00:00','Пацієнт не з’явився','Загальний стан задовільний.'),(40,10,9,4,1,'2025-06-13 11:00:00','Пацієнт не з’явився','Проведено візуальний огляд.'),(41,66,8,3,87,'2025-06-04 16:45:00','Пацієнт не з’явився','Пацієнт скаржиться на головний біль.'),(42,75,9,1,10,'2025-06-10 09:00:00','Прийом завершено','Призначено аналіз крові.'),(43,26,7,2,20,'2025-06-06 11:45:00','Прийом завершено','Проведено візуальний огляд.'),(44,71,1,4,14,'2025-05-28 13:00:00','Пацієнт не з’явився','Пацієнт порушив рекомендації.'),(45,93,8,4,81,'2025-06-08 08:45:00','Пацієнт не з’явився','Скарг немає.'),(46,24,6,3,46,'2025-05-25 09:15:00','Пацієнт не з’явився','Проведено візуальний огляд.'),(47,99,4,4,56,'2025-06-15 10:15:00','Прийом завершено','Пацієнт скаржиться на головний біль.'),(48,15,9,1,27,'2025-05-21 10:00:00','Пацієнт не з’явився','Скарг немає.'),(49,63,5,1,77,'2025-06-13 14:30:00','Прийом завершено','Потрібна консультація вузького спеціаліста.'),(50,78,8,3,89,'2025-05-23 17:45:00','Пацієнт не з’явився','Скарг немає.'),(51,49,2,1,51,'2025-05-26 14:15:00','Пацієнт не з’явився','Наступний прийом через тиждень.'),(52,1,1,4,44,'2025-06-12 16:00:00','Прийом завершено','Призначено аналіз крові.'),(53,17,5,2,72,'2025-05-28 14:45:00','Прийом завершено','Призначено курс антибіотиків.'),(54,40,2,2,91,'2025-06-04 17:45:00','Пацієнт не з’явився','Рекомендовано пройти обстеження.'),(55,40,9,1,10,'2025-06-08 10:15:00','Прийом завершено','Рекомендовано пройти обстеження.'),(56,23,1,5,37,'2025-05-24 17:00:00','Пацієнт не з’явився','Наступний прийом через тиждень.'),(57,30,3,5,22,'2025-06-07 11:30:00','Прийом завершено','Пацієнт скаржиться на головний біль.'),(58,53,5,2,20,'2025-05-28 13:15:00','Пацієнт не з’явився','Наступний прийом через тиждень.'),(59,61,6,3,71,'2025-06-05 17:15:00','Пацієнт не з’явився','Рекомендовано пройти обстеження.'),(60,4,2,5,59,'2025-06-06 09:15:00','Пацієнт не з’явився','Призначено аналіз крові.'),(61,8,3,1,15,'2025-05-21 12:45:00','Пацієнт не з’явився','Проведено візуальний огляд.'),(62,33,5,2,84,'2025-06-06 13:45:00','Пацієнт не з’явився','Призначено аналіз крові.'),(63,74,6,1,64,'2025-06-04 15:15:00','Пацієнт не з’явився','Наступний прийом через тиждень.'),(64,33,2,3,26,'2025-06-06 15:00:00','Пацієнт не з’явився','Загальний стан задовільний.'),(65,4,8,2,29,'2025-05-20 16:15:00','Прийом завершено','Рекомендовано пройти обстеження.'),(66,65,8,4,20,'2025-06-14 12:45:00','Прийом завершено','Призначено аналіз крові.'),(67,84,7,5,85,'2025-06-14 09:00:00','Пацієнт не з’явився','Пацієнт скаржиться на головний біль.'),(68,13,7,2,75,'2025-05-21 17:15:00','Пацієнт не з’явився','Пацієнт скаржиться на головний біль.'),(69,37,4,1,57,'2025-06-20 12:45:00','Пацієнт не з’явився','Проведено візуальний огляд.'),(70,25,10,1,56,'2025-05-23 09:15:00','Пацієнт не з’явився','Рекомендовано пройти обстеження.'),(71,3,2,3,83,'2025-06-09 14:30:00','Пацієнт не з’явився','Призначено аналіз крові.'),(72,94,5,1,88,'2025-06-03 10:45:00','Пацієнт не з’явився','Призначено аналіз крові.'),(73,23,2,4,13,'2025-06-11 10:30:00','Пацієнт не з’явився','Пацієнт порушив рекомендації.'),(74,70,2,2,68,'2025-06-08 13:15:00','Прийом завершено','Призначено курс антибіотиків.'),(75,71,4,4,58,'2025-05-21 11:00:00','Пацієнт не з’явився','Пацієнт скаржиться на головний біль.'),(76,29,2,2,29,'2025-06-19 12:15:00','Пацієнт не з’явився','Проведено візуальний огляд.'),(77,50,6,1,4,'2025-06-20 16:45:00','Пацієнт не з’явився','Призначено аналіз крові.'),(78,65,2,2,67,'2025-06-03 16:00:00','Пацієнт не з’явився','Пацієнт порушив рекомендації.'),(79,27,4,1,99,'2025-06-17 15:30:00','Прийом завершено','Пацієнт порушив рекомендації.'),(80,35,9,2,56,'2025-05-27 16:15:00','Пацієнт не з’явився','Потрібна консультація вузького спеціаліста.'),(81,23,3,3,79,'2025-06-17 11:45:00','Пацієнт не з’явився','Скарг немає.'),(82,5,8,3,2,'2025-06-14 18:30:00','Пацієнт не з’явився','Призначено аналіз крові.'),(83,1,2,2,3,'2025-06-04 18:30:00','Прийом завершено','Пацієнт скаржиться на головний біль.'),(84,61,3,2,52,'2025-06-15 14:45:00','Пацієнт не з’явився','Скарг немає.'),(85,40,6,3,17,'2025-05-30 09:00:00','Пацієнт не з’явився','Пацієнт порушив рекомендації.'),(86,38,2,4,73,'2025-06-06 18:00:00','Пацієнт не з’явився','Проведено візуальний огляд.'),(87,4,10,2,37,'2025-05-25 18:45:00','Пацієнт не з’явився','Призначено курс антибіотиків.'),(88,35,2,3,22,'2025-05-21 10:00:00','Прийом завершено','Рекомендовано пройти обстеження.'),(89,93,4,3,69,'2025-06-10 11:00:00','Прийом завершено','Рекомендовано пройти обстеження.'),(90,87,3,1,64,'2025-06-19 11:45:00','Пацієнт не з’явився','Потрібна консультація вузького спеціаліста.'),(91,100,2,3,34,'2025-05-20 09:30:00','Пацієнт не з’явився','Скарг немає.'),(92,17,8,5,100,'2025-06-01 15:30:00','Прийом завершено','Призначено аналіз крові.'),(93,72,6,1,39,'2025-05-23 17:30:00','Прийом завершено','Пацієнт порушив рекомендації.'),(94,17,6,1,87,'2025-05-28 12:00:00','Пацієнт не з’явився','Скарг немає.'),(95,13,2,5,45,'2025-06-10 14:30:00','Прийом завершено','Потрібна консультація вузького спеціаліста.'),(96,74,1,4,34,'2025-05-21 12:30:00','Пацієнт не з’явився','Загальний стан задовільний.'),(97,26,8,1,79,'2025-06-03 17:30:00','Прийом завершено','Наступний прийом через тиждень.'),(98,5,8,5,64,'2025-05-23 12:30:00','Пацієнт не з’явився','Загальний стан задовільний.'),(99,17,2,5,91,'2025-06-02 11:00:00','Пацієнт не з’явився','Призначено курс антибіотиків.'),(100,75,2,5,78,'2025-06-16 13:45:00','Прийом завершено','Скарг немає.'),(101,48,7,1,4,'2025-06-14 18:15:00','Пацієнт не з’явився','Потрібна консультація вузького спеціаліста.'),(102,67,10,4,44,'2025-05-23 18:30:00','Пацієнт не з’явився','Рекомендовано пройти обстеження.'),(103,34,9,1,17,'2025-06-13 14:15:00','Пацієнт не з’явився','Проведено візуальний огляд.'),(104,53,1,3,9,'2025-06-12 17:30:00','Прийом завершено','Пацієнт порушив рекомендації.'),(105,95,3,1,73,'2025-06-14 09:45:00','Пацієнт не з’явився','Призначено курс антибіотиків.'),(106,11,2,4,78,'2025-06-01 08:30:00','Прийом завершено','Пацієнт скаржиться на головний біль.'),(107,42,9,1,2,'2025-06-19 14:15:00','Прийом завершено','Скарг немає.'),(108,30,6,2,20,'2025-06-06 18:30:00','Прийом завершено','Призначено аналіз крові.'),(109,59,5,2,8,'2025-06-04 14:45:00','Прийом завершено','Скарг немає.'),(110,39,9,5,94,'2025-06-12 11:15:00','Пацієнт не з’явився','Пацієнт порушив рекомендації.'),(111,17,10,5,22,'2025-06-02 13:30:00','Пацієнт не з’явився','Потрібна консультація вузького спеціаліста.'),(112,88,2,4,95,'2025-05-23 08:15:00','Прийом завершено','Пацієнт порушив рекомендації.'),(113,8,5,1,25,'2025-05-21 17:45:00','Пацієнт не з’явився','Призначено курс антибіотиків.'),(114,56,9,2,48,'2025-06-10 17:15:00','Пацієнт не з’явився','Рекомендовано пройти обстеження.'),(115,7,9,5,77,'2025-06-19 18:45:00','Пацієнт не з’явився','Пацієнт скаржиться на головний біль.'),(116,79,3,5,49,'2025-05-29 15:45:00','Пацієнт не з’явився','Пацієнт порушив рекомендації.'),(117,26,4,4,86,'2025-06-01 10:45:00','Пацієнт не з’явився','Пацієнт скаржиться на головний біль.'),(118,33,7,4,93,'2025-06-01 13:15:00','Пацієнт не з’явився','Пацієнт порушив рекомендації.'),(119,97,10,4,53,'2025-05-31 08:15:00','Пацієнт не з’явився','Пацієнт порушив рекомендації.'),(120,6,6,1,18,'2025-06-20 13:00:00','Пацієнт не з’явився','Пацієнт скаржиться на головний біль.'),(121,62,3,3,10,'2025-05-22 13:45:00','Пацієнт не з’явився','Призначено аналіз крові.'),(122,22,5,5,65,'2025-06-03 13:30:00','Пацієнт не з’явився','Наступний прийом через тиждень.'),(123,92,9,1,70,'2025-06-13 15:45:00','Прийом завершено','Рекомендовано пройти обстеження.'),(124,12,2,5,16,'2025-06-12 11:30:00','Пацієнт не з’явився','Пацієнт порушив рекомендації.'),(125,20,2,2,27,'2025-05-28 10:45:00','Прийом завершено','Призначено курс антибіотиків.'),(126,12,3,4,56,'2025-06-12 12:30:00','Прийом завершено','Рекомендовано пройти обстеження.'),(127,43,3,5,74,'2025-06-20 13:00:00','Пацієнт не з’явився','Рекомендовано пройти обстеження.'),(128,53,8,4,1,'2025-06-18 13:30:00','Прийом завершено','Проведено візуальний огляд.'),(129,27,4,3,59,'2025-05-31 13:15:00','Прийом завершено','Загальний стан задовільний.'),(130,58,8,3,77,'2025-06-03 16:30:00','Пацієнт не з’явився','Пацієнт скаржиться на головний біль.'),(131,5,6,4,14,'2025-06-16 17:45:00','Прийом завершено','Наступний прийом через тиждень.'),(132,94,8,5,58,'2025-05-21 17:30:00','Пацієнт не з’явився','Призначено аналіз крові.'),(133,60,7,2,13,'2025-06-14 08:15:00','Пацієнт не з’явився','Призначено аналіз крові.'),(134,30,1,2,16,'2025-05-25 08:30:00','Пацієнт не з’явився','Загальний стан задовільний.'),(135,40,2,4,54,'2025-05-20 15:45:00','Прийом завершено','Пацієнт скаржиться на головний біль.'),(136,94,8,1,39,'2025-06-10 11:15:00','Пацієнт не з’явився','Пацієнт порушив рекомендації.'),(137,69,9,5,5,'2025-06-08 09:00:00','Пацієнт не з’явився','Проведено візуальний огляд.'),(138,23,2,4,14,'2025-06-17 18:45:00','Пацієнт не з’явився','Рекомендовано пройти обстеження.'),(139,83,1,3,40,'2025-06-05 17:15:00','Пацієнт не з’явився','Призначено курс антибіотиків.'),(140,53,1,2,22,'2025-06-15 08:15:00','Пацієнт не з’явився','Призначено курс антибіотиків.'),(141,38,6,5,16,'2025-05-28 14:45:00','Пацієнт не з’явився','Призначено курс антибіотиків.'),(142,99,7,1,28,'2025-05-24 17:15:00','Пацієнт не з’явився','Загальний стан задовільний.'),(143,3,8,5,75,'2025-06-06 08:00:00','Пацієнт не з’явився','Скарг немає.'),(144,59,8,3,63,'2025-06-17 09:45:00','Пацієнт не з’явився','Проведено візуальний огляд.'),(145,15,6,5,55,'2025-06-07 11:00:00','Пацієнт не з’явився','Призначено аналіз крові.'),(146,57,10,3,26,'2025-06-19 16:30:00','Прийом завершено','Загальний стан задовільний.'),(147,72,10,2,82,'2025-05-28 13:00:00','Пацієнт не з’явився','Проведено візуальний огляд.'),(148,52,1,3,44,'2025-06-17 13:45:00','Прийом завершено','Пацієнт скаржиться на головний біль.'),(149,38,4,4,72,'2025-06-19 17:30:00','Пацієнт не з’явився','Призначено курс антибіотиків.'),(150,98,7,2,92,'2025-05-31 13:45:00','Пацієнт не з’явився','Рекомендовано пройти обстеження.'),(151,11,4,2,9,'2025-06-01 16:15:00','Пацієнт не з’явився','Призначено аналіз крові.'),(152,31,10,5,83,'2025-06-15 18:00:00','Пацієнт не з’явився','Проведено візуальний огляд.'),(153,58,1,4,5,'2025-05-29 13:00:00','Прийом завершено','Проведено візуальний огляд.'),(154,74,8,2,56,'2025-06-06 17:30:00','Пацієнт не з’явився','Потрібна консультація вузького спеціаліста.'),(155,46,10,2,18,'2025-06-14 09:45:00','Пацієнт не з’явився','Потрібна консультація вузького спеціаліста.'),(156,73,10,3,21,'2025-06-10 11:45:00','Пацієнт не з’явився','Рекомендовано пройти обстеження.'),(157,55,6,2,88,'2025-05-23 09:45:00','Прийом завершено','Скарг немає.'),(158,18,2,1,22,'2025-06-08 13:15:00','Пацієнт не з’явився','Пацієнт порушив рекомендації.'),(159,39,1,1,15,'2025-06-20 18:00:00','Пацієнт не з’явився','Потрібна консультація вузького спеціаліста.'),(160,45,8,2,51,'2025-06-09 10:00:00','Пацієнт не з’явився','Потрібна консультація вузького спеціаліста.'),(161,73,6,3,78,'2025-05-29 09:30:00','Пацієнт не з’явився','Наступний прийом через тиждень.'),(162,90,8,3,6,'2025-05-27 08:45:00','Пацієнт не з’явився','Скарг немає.'),(163,77,2,1,23,'2025-06-07 14:45:00','Прийом завершено','Рекомендовано пройти обстеження.'),(164,65,7,3,9,'2025-05-24 14:15:00','Пацієнт не з’явився','Скарг немає.'),(165,75,6,5,23,'2025-06-18 15:00:00','Прийом завершено','Проведено візуальний огляд.'),(166,72,3,2,6,'2025-05-29 08:30:00','Пацієнт не з’явився','Призначено курс антибіотиків.'),(167,33,4,1,42,'2025-05-29 14:15:00','Прийом завершено','Проведено візуальний огляд.'),(168,95,10,2,95,'2025-06-18 10:45:00','Пацієнт не з’явився','Пацієнт скаржиться на головний біль.'),(169,1,8,1,3,'2025-06-10 14:00:00','Прийом завершено','Проведено візуальний огляд.'),(170,7,8,2,8,'2025-06-17 12:00:00','Пацієнт не з’явився','Загальний стан задовільний.'),(171,2,4,1,65,'2025-05-20 09:00:00','Пацієнт не з’явився','Скарг немає.'),(172,59,2,4,32,'2025-06-14 11:15:00','Пацієнт не з’явився','Загальний стан задовільний.'),(173,93,1,4,78,'2025-06-03 11:30:00','Пацієнт не з’явився','Загальний стан задовільний.'),(174,67,3,2,65,'2025-06-02 15:15:00','Прийом завершено','Наступний прийом через тиждень.'),(175,11,10,5,50,'2025-05-28 17:15:00','Прийом завершено','Скарг немає.'),(176,63,3,2,94,'2025-06-08 17:15:00','Пацієнт не з’явився','Пацієнт порушив рекомендації.'),(177,41,8,3,90,'2025-06-07 09:00:00','Прийом завершено','Пацієнт порушив рекомендації.'),(178,51,9,4,40,'2025-06-14 18:00:00','Пацієнт не з’явився','Призначено аналіз крові.'),(179,1,9,1,12,'2025-05-21 14:00:00','Пацієнт не з’явився','Потрібна консультація вузького спеціаліста.'),(180,32,5,3,43,'2025-06-08 08:45:00','Прийом завершено','Рекомендовано пройти обстеження.'),(181,65,1,4,20,'2025-06-07 18:00:00','Пацієнт не з’явився','Наступний прийом через тиждень.'),(182,72,6,5,91,'2025-05-20 13:15:00','Пацієнт не з’явився','Призначено аналіз крові.'),(183,88,4,4,74,'2025-06-12 15:15:00','Пацієнт не з’явився','Скарг немає.'),(184,64,4,1,93,'2025-05-26 10:15:00','Прийом завершено','Загальний стан задовільний.'),(185,41,8,5,57,'2025-06-06 09:45:00','Пацієнт не з’явився','Скарг немає.'),(186,32,7,3,18,'2025-05-23 09:15:00','Прийом завершено','Скарг немає.'),(187,87,3,1,82,'2025-06-19 12:15:00','Пацієнт не з’явився','Рекомендовано пройти обстеження.'),(188,74,1,3,21,'2025-06-14 13:15:00','Пацієнт не з’явився','Призначено аналіз крові.'),(189,53,2,4,33,'2025-06-20 11:30:00','Пацієнт не з’явився','Наступний прийом через тиждень.'),(190,84,7,4,65,'2025-06-08 10:45:00','Пацієнт не з’явився','Рекомендовано пройти обстеження.'),(191,9,7,4,26,'2025-06-03 14:00:00','Прийом завершено','Пацієнт скаржиться на головний біль.'),(192,81,3,2,60,'2025-05-22 12:15:00','Прийом завершено','Наступний прийом через тиждень.'),(193,38,1,5,26,'2025-05-28 14:30:00','Прийом завершено','Рекомендовано пройти обстеження.'),(194,88,10,4,25,'2025-05-20 09:15:00','Пацієнт не з’явився','Призначено курс антибіотиків.'),(195,39,7,2,27,'2025-06-16 08:00:00','Пацієнт не з’явився','Загальний стан задовільний.'),(196,42,8,5,36,'2025-06-16 15:15:00','Пацієнт не з’явився','Призначено аналіз крові.'),(197,31,5,2,58,'2025-06-16 08:45:00','Пацієнт не з’явився','Проведено візуальний огляд.'),(198,3,10,5,41,'2025-05-31 12:00:00','Прийом завершено','Потрібна консультація вузького спеціаліста.'),(199,3,1,1,41,'2025-05-25 08:15:00','Пацієнт не з’явився','Скарг немає.'),(200,22,6,5,60,'2025-05-31 12:30:00','Пацієнт не з’явився','Призначено аналіз крові.'),(201,88,6,5,8,'2025-06-10 13:15:00','Прийом завершено','Пацієнт скаржиться на головний біль.'),(202,85,10,2,38,'2025-06-17 10:30:00','Прийом завершено','Проведено візуальний огляд.'),(203,87,7,3,36,'2025-06-16 18:30:00','Пацієнт не з’явився','Призначено курс антибіотиків.'),(204,13,7,4,7,'2025-06-17 16:30:00','Прийом завершено','Наступний прийом через тиждень.'),(205,43,6,4,97,'2025-05-21 09:30:00','Прийом завершено','Рекомендовано пройти обстеження.'),(206,16,1,2,82,'2025-06-16 10:00:00','Прийом завершено','Пацієнт порушив рекомендації.'),(207,34,5,3,4,'2025-06-05 11:15:00','Пацієнт не з’явився','Призначено курс антибіотиків.'),(208,89,5,2,88,'2025-06-03 08:15:00','Прийом завершено','Потрібна консультація вузького спеціаліста.'),(209,14,5,3,78,'2025-06-03 09:15:00','Пацієнт не з’явився','Пацієнт порушив рекомендації.'),(210,100,9,1,76,'2025-05-31 16:15:00','Пацієнт не з’явився','Потрібна консультація вузького спеціаліста.'),(211,83,4,1,34,'2025-05-27 17:00:00','Пацієнт не з’явився','Призначено аналіз крові.'),(212,11,3,2,24,'2025-05-24 13:15:00','Пацієнт не з’явився','Пацієнт скаржиться на головний біль.'),(213,61,7,3,7,'2025-06-17 17:45:00','Пацієнт не з’явився','Пацієнт порушив рекомендації.'),(214,78,5,5,50,'2025-06-10 08:00:00','Пацієнт не з’явився','Призначено курс антибіотиків.'),(215,56,4,5,67,'2025-05-24 11:15:00','Пацієнт не з’явився','Проведено візуальний огляд.'),(216,81,7,2,20,'2025-06-05 09:45:00','Пацієнт не з’явився','Загальний стан задовільний.'),(217,53,2,4,69,'2025-05-29 15:15:00','Прийом завершено','Призначено курс антибіотиків.'),(218,37,5,1,14,'2025-05-30 13:45:00','Пацієнт не з’явився','Рекомендовано пройти обстеження.'),(219,40,10,4,86,'2025-06-01 10:45:00','Пацієнт не з’явився','Призначено аналіз крові.'),(220,33,7,5,51,'2025-05-25 18:30:00','Пацієнт не з’явився','Пацієнт порушив рекомендації.'),(221,98,7,2,75,'2025-05-27 12:00:00','Пацієнт не з’явився','Скарг немає.'),(222,37,7,2,89,'2025-06-04 08:00:00','Пацієнт не з’явився','Пацієнт порушив рекомендації.'),(223,3,8,4,41,'2025-05-28 14:45:00','Прийом завершено','Рекомендовано пройти обстеження.'),(224,100,10,4,3,'2025-05-29 08:00:00','Пацієнт не з’явився','Наступний прийом через тиждень.'),(225,40,3,3,50,'2025-05-26 18:15:00','Пацієнт не з’явився','Пацієнт скаржиться на головний біль.'),(226,8,7,1,57,'2025-05-26 18:00:00','Прийом завершено','Потрібна консультація вузького спеціаліста.'),(227,34,3,1,81,'2025-06-13 08:30:00','Пацієнт не з’явився','Призначено аналіз крові.'),(228,33,9,1,52,'2025-06-18 18:30:00','Прийом завершено','Проведено візуальний огляд.'),(229,92,1,3,65,'2025-06-12 14:00:00','Пацієнт не з’явився','Загальний стан задовільний.'),(230,42,10,1,57,'2025-06-12 12:00:00','Прийом завершено','Пацієнт порушив рекомендації.'),(231,34,7,4,4,'2025-05-24 10:15:00','Прийом завершено','Проведено візуальний огляд.'),(232,1,7,4,47,'2025-06-04 12:30:00','Прийом завершено','Призначено курс антибіотиків.'),(233,58,6,1,36,'2025-06-19 10:30:00','Прийом завершено','Рекомендовано пройти обстеження.'),(234,45,7,2,92,'2025-06-02 14:45:00','Прийом завершено','Наступний прийом через тиждень.'),(235,51,8,5,47,'2025-06-16 10:00:00','Прийом завершено','Загальний стан задовільний.'),(236,60,7,2,63,'2025-06-13 10:30:00','Пацієнт не з’явився','Пацієнт скаржиться на головний біль.'),(237,88,9,2,20,'2025-05-30 16:30:00','Прийом завершено','Пацієнт порушив рекомендації.'),(238,4,2,3,72,'2025-06-09 17:15:00','Пацієнт не з’явився','Пацієнт порушив рекомендації.'),(239,72,1,3,15,'2025-06-05 12:30:00','Пацієнт не з’явився','Потрібна консультація вузького спеціаліста.'),(240,21,3,5,13,'2025-06-14 18:45:00','Пацієнт не з’явився','Призначено курс антибіотиків.'),(241,2,1,4,21,'2025-06-15 18:15:00','Пацієнт не з’явився','Загальний стан задовільний.'),(242,26,4,1,7,'2025-06-14 16:45:00','Прийом завершено','Скарг немає.'),(243,69,4,4,68,'2025-06-03 16:45:00','Пацієнт не з’явився','Пацієнт скаржиться на головний біль.'),(244,5,9,5,97,'2025-06-19 11:45:00','Прийом завершено','Пацієнт порушив рекомендації.'),(245,98,7,5,89,'2025-05-31 12:00:00','Пацієнт не з’явився','Пацієнт скаржиться на головний біль.'),(246,38,3,1,79,'2025-05-23 16:15:00','Прийом завершено','Скарг немає.'),(247,34,4,3,45,'2025-06-05 18:45:00','Прийом завершено','Пацієнт скаржиться на головний біль.'),(248,22,1,5,43,'2025-06-17 11:45:00','Пацієнт не з’явився','Призначено аналіз крові.'),(249,86,9,2,38,'2025-06-10 17:15:00','Пацієнт не з’явився','Призначено аналіз крові.'),(250,88,3,5,78,'2025-06-09 16:00:00','Пацієнт не з’явився','Рекомендовано пройти обстеження.'),(251,96,2,1,72,'2025-06-01 08:00:00','Пацієнт не з’явився','Рекомендовано пройти обстеження.'),(252,17,3,5,20,'2025-05-31 11:30:00','Пацієнт не з’явився','Пацієнт порушив рекомендації.'),(253,82,10,3,15,'2025-06-16 16:00:00','Прийом завершено','Призначено аналіз крові.'),(254,10,3,5,53,'2025-06-13 18:15:00','Прийом завершено','Призначено аналіз крові.'),(255,78,5,2,20,'2025-06-07 15:45:00','Прийом завершено','Призначено курс антибіотиків.'),(256,45,7,2,19,'2025-06-16 16:15:00','Пацієнт не з’явився','Пацієнт порушив рекомендації.'),(257,70,9,4,85,'2025-06-13 17:45:00','Прийом завершено','Призначено курс антибіотиків.'),(258,79,8,5,63,'2025-06-12 18:00:00','Пацієнт не з’явився','Потрібна консультація вузького спеціаліста.'),(259,78,6,5,25,'2025-05-28 09:45:00','Прийом завершено','Призначено аналіз крові.'),(260,91,2,3,53,'2025-06-15 11:15:00','Прийом завершено','Призначено курс антибіотиків.'),(261,11,10,1,11,'2025-06-13 11:00:00','Пацієнт не з’явився','Загальний стан задовільний.'),(262,99,9,3,46,'2025-06-05 18:30:00','Прийом завершено','Проведено візуальний огляд.'),(263,55,1,1,70,'2025-06-11 16:45:00','Пацієнт не з’явився','Пацієнт скаржиться на головний біль.'),(264,95,9,1,10,'2025-05-31 10:00:00','Пацієнт не з’явився','Загальний стан задовільний.'),(265,86,10,3,49,'2025-06-20 08:15:00','Прийом завершено','Скарг немає.'),(266,64,5,2,43,'2025-06-15 16:30:00','Прийом завершено','Наступний прийом через тиждень.'),(267,18,3,3,77,'2025-05-21 09:30:00','Прийом завершено','Скарг немає.'),(268,20,4,3,30,'2025-06-20 12:45:00','Пацієнт не з’явився','Пацієнт скаржиться на головний біль.'),(269,90,10,4,61,'2025-05-22 09:30:00','Пацієнт не з’явився','Призначено курс антибіотиків.'),(270,46,3,1,76,'2025-06-14 13:15:00','Пацієнт не з’явився','Проведено візуальний огляд.'),(271,83,8,1,8,'2025-06-09 08:15:00','Прийом завершено','Загальний стан задовільний.'),(272,85,3,3,61,'2025-05-29 12:30:00','Пацієнт не з’явився','Призначено курс антибіотиків.'),(273,63,4,4,68,'2025-06-12 10:15:00','Пацієнт не з’явився','Скарг немає.'),(274,41,6,4,37,'2025-05-30 11:30:00','Прийом завершено','Рекомендовано пройти обстеження.'),(275,89,3,4,16,'2025-06-09 10:00:00','Пацієнт не з’явився','Рекомендовано пройти обстеження.'),(276,55,6,2,38,'2025-06-03 09:15:00','Пацієнт не з’явився','Призначено аналіз крові.'),(277,57,1,2,40,'2025-06-03 16:30:00','Пацієнт не з’явився','Скарг немає.'),(278,27,1,4,86,'2025-05-30 18:00:00','Пацієнт не з’явився','Загальний стан задовільний.'),(279,69,3,4,19,'2025-06-11 11:45:00','Пацієнт не з’явився','Наступний прийом через тиждень.'),(280,98,2,1,81,'2025-05-28 16:30:00','Пацієнт не з’явився','Призначено аналіз крові.'),(281,25,6,5,25,'2025-05-30 18:15:00','Пацієнт не з’явився','Пацієнт порушив рекомендації.'),(282,75,6,2,19,'2025-06-14 14:00:00','Прийом завершено','Загальний стан задовільний.'),(283,35,9,2,96,'2025-05-30 09:15:00','Пацієнт не з’явився','Скарг немає.'),(284,10,10,1,86,'2025-05-24 12:00:00','Прийом завершено','Призначено аналіз крові.'),(285,37,7,4,92,'2025-06-09 08:15:00','Пацієнт не з’явився','Призначено аналіз крові.'),(286,73,9,4,88,'2025-05-31 14:45:00','Пацієнт не з’явився','Скарг немає.'),(287,62,7,1,25,'2025-05-25 14:45:00','Прийом завершено','Скарг немає.'),(288,71,2,2,47,'2025-05-27 16:45:00','Пацієнт не з’явився','Призначено курс антибіотиків.'),(289,59,7,5,37,'2025-05-28 16:00:00','Пацієнт не з’явився','Пацієнт порушив рекомендації.'),(290,11,3,4,76,'2025-06-09 18:30:00','Пацієнт не з’явився','Пацієнт скаржиться на головний біль.'),(291,43,6,5,64,'2025-06-08 10:30:00','Прийом завершено','Рекомендовано пройти обстеження.'),(292,74,1,3,9,'2025-06-04 16:15:00','Пацієнт не з’явився','Призначено курс антибіотиків.'),(293,59,10,5,9,'2025-05-20 12:45:00','Пацієнт не з’явився','Пацієнт скаржиться на головний біль.'),(294,6,4,5,61,'2025-06-09 13:00:00','Прийом завершено','Пацієнт порушив рекомендації.'),(295,31,6,2,51,'2025-05-24 13:45:00','Прийом завершено','Потрібна консультація вузького спеціаліста.'),(296,1,4,4,34,'2025-06-13 08:00:00','Пацієнт не з’явився','Рекомендовано пройти обстеження.'),(297,77,1,2,31,'2025-06-12 09:15:00','Пацієнт не з’явився','Пацієнт порушив рекомендації.'),(298,97,5,5,46,'2025-05-22 09:30:00','Прийом завершено','Скарг немає.'),(299,60,3,5,57,'2025-06-05 11:15:00','Пацієнт не з’явився','Рекомендовано пройти обстеження.'),(300,75,6,2,82,'2025-06-10 12:30:00','Прийом завершено','Пацієнт скаржиться на головний біль.'),(301,18,7,4,39,'2025-06-10 11:30:00','Прийом завершено','Наступний прийом через тиждень.'),(302,73,5,5,64,'2025-06-10 18:45:00','Пацієнт не з’явився','Призначено курс антибіотиків.'),(303,14,10,5,19,'2025-06-20 18:15:00','Пацієнт не з’явився','Рекомендовано пройти обстеження.'),(304,52,7,5,16,'2025-05-26 10:30:00','Пацієнт не з’явився','Скарг немає.'),(305,57,7,4,33,'2025-06-10 08:00:00','Пацієнт не з’явився','Пацієнт скаржиться на головний біль.'),(306,48,7,2,46,'2025-05-30 12:30:00','Пацієнт не з’явився','Загальний стан задовільний.'),(307,98,10,1,1,'2025-06-04 09:15:00','Пацієнт не з’явився','Наступний прийом через тиждень.'),(308,81,5,2,11,'2025-06-13 08:00:00','Пацієнт не з’явився','Призначено курс антибіотиків.'),(309,3,6,2,42,'2025-05-22 13:15:00','Пацієнт не з’явився','Пацієнт скаржиться на головний біль.'),(310,76,7,1,72,'2025-06-11 08:15:00','Пацієнт не з’явився','Рекомендовано пройти обстеження.'),(311,38,6,3,56,'2025-05-26 17:30:00','Пацієнт не з’явився','Проведено візуальний огляд.'),(312,60,7,2,99,'2025-06-08 09:00:00','Прийом завершено','Пацієнт скаржиться на головний біль.'),(313,18,8,3,36,'2025-05-27 13:15:00','Прийом завершено','Пацієнт скаржиться на головний біль.'),(314,5,4,3,67,'2025-05-29 13:45:00','Прийом завершено','Загальний стан задовільний.'),(315,72,4,3,71,'2025-05-31 12:00:00','Пацієнт не з’явився','Потрібна консультація вузького спеціаліста.'),(316,67,2,2,53,'2025-05-25 10:45:00','Прийом завершено','Проведено візуальний огляд.'),(317,32,2,1,40,'2025-06-04 12:30:00','Прийом завершено','Загальний стан задовільний.'),(318,52,7,4,10,'2025-06-05 15:30:00','Пацієнт не з’явився','Призначено курс антибіотиків.'),(319,16,3,4,43,'2025-06-13 09:00:00','Прийом завершено','Призначено аналіз крові.'),(320,35,8,1,73,'2025-06-10 16:00:00','Прийом завершено','Наступний прийом через тиждень.'),(321,96,9,2,100,'2025-05-21 15:00:00','Прийом завершено','Загальний стан задовільний.'),(322,86,5,4,40,'2025-05-31 14:00:00','Пацієнт не з’явився','Загальний стан задовільний.'),(323,13,9,5,72,'2025-06-20 14:15:00','Прийом завершено','Пацієнт скаржиться на головний біль.'),(324,98,8,3,97,'2025-05-25 08:15:00','Прийом завершено','Призначено курс антибіотиків.'),(325,17,10,4,25,'2025-05-24 14:45:00','Пацієнт не з’явився','Потрібна консультація вузького спеціаліста.'),(326,2,7,4,71,'2025-05-23 12:15:00','Пацієнт не з’явився','Потрібна консультація вузького спеціаліста.'),(327,75,9,2,32,'2025-05-22 11:45:00','Пацієнт не з’явився','Скарг немає.'),(328,62,4,3,60,'2025-06-12 12:45:00','Пацієнт не з’явився','Загальний стан задовільний.'),(329,36,5,1,14,'2025-05-28 18:00:00','Пацієнт не з’явився','Загальний стан задовільний.'),(330,6,1,3,85,'2025-05-29 10:00:00','Прийом завершено','Рекомендовано пройти обстеження.'),(331,73,3,3,34,'2025-05-28 12:30:00','Пацієнт не з’явився','Пацієнт порушив рекомендації.'),(332,78,8,3,37,'2025-06-18 16:00:00','Пацієнт не з’явився','Проведено візуальний огляд.'),(333,17,1,4,75,'2025-06-15 08:30:00','Пацієнт не з’явився','Наступний прийом через тиждень.'),(334,93,3,4,25,'2025-06-04 08:00:00','Пацієнт не з’явився','Пацієнт порушив рекомендації.'),(335,69,2,5,50,'2025-06-04 11:00:00','Прийом завершено','Проведено візуальний огляд.'),(336,89,10,3,53,'2025-06-11 16:30:00','Пацієнт не з’явився','Наступний прийом через тиждень.'),(337,15,6,4,31,'2025-06-19 09:30:00','Пацієнт не з’явився','Рекомендовано пройти обстеження.'),(338,83,5,3,21,'2025-06-01 12:30:00','Пацієнт не з’явився','Рекомендовано пройти обстеження.'),(339,65,8,5,89,'2025-06-13 17:00:00','Пацієнт не з’явився','Скарг немає.'),(340,69,8,4,51,'2025-06-09 09:30:00','Прийом завершено','Пацієнт скаржиться на головний біль.'),(341,95,7,4,66,'2025-06-19 18:15:00','Пацієнт не з’явився','Пацієнт скаржиться на головний біль.'),(342,44,4,4,73,'2025-06-11 18:00:00','Пацієнт не з’явився','Рекомендовано пройти обстеження.'),(343,61,6,3,43,'2025-06-12 18:00:00','Прийом завершено','Загальний стан задовільний.'),(344,48,9,2,5,'2025-05-24 10:15:00','Пацієнт не з’явився','Призначено курс антибіотиків.'),(345,29,10,3,2,'2025-06-06 12:45:00','Пацієнт не з’явився','Рекомендовано пройти обстеження.'),(346,35,1,1,87,'2025-05-28 10:45:00','Пацієнт не з’явився','Пацієнт порушив рекомендації.'),(347,23,3,3,3,'2025-05-26 13:45:00','Прийом завершено','Загальний стан задовільний.'),(348,69,8,2,68,'2025-06-10 17:15:00','Прийом завершено','Призначено курс антибіотиків.'),(349,81,2,5,69,'2025-06-09 18:15:00','Пацієнт не з’явився','Призначено аналіз крові.'),(350,69,7,2,61,'2025-06-14 12:30:00','Прийом завершено','Загальний стан задовільний.'),(351,67,10,3,79,'2025-06-11 14:00:00','Пацієнт не з’явився','Призначено аналіз крові.'),(352,33,5,5,21,'2025-06-17 14:00:00','Прийом завершено','Пацієнт порушив рекомендації.'),(353,99,9,3,73,'2025-06-17 08:45:00','Пацієнт не з’явився','Призначено курс антибіотиків.'),(354,26,5,1,86,'2025-06-12 18:15:00','Пацієнт не з’явився','Скарг немає.'),(355,11,5,5,16,'2025-05-30 09:45:00','Пацієнт не з’явився','Пацієнт порушив рекомендації.'),(356,8,8,2,75,'2025-06-07 09:30:00','Пацієнт не з’явився','Скарг немає.'),(357,96,2,2,77,'2025-06-09 08:15:00','Пацієнт не з’явився','Призначено аналіз крові.'),(358,4,8,4,8,'2025-05-27 18:00:00','Прийом завершено','Рекомендовано пройти обстеження.'),(359,88,9,4,7,'2025-06-17 16:00:00','Пацієнт не з’явився','Пацієнт скаржиться на головний біль.'),(360,39,10,2,48,'2025-06-17 11:45:00','Пацієнт не з’явився','Призначено курс антибіотиків.'),(361,11,6,5,6,'2025-05-31 13:45:00','Прийом завершено','Призначено аналіз крові.'),(362,80,9,1,98,'2025-06-02 10:30:00','Пацієнт не з’явився','Наступний прийом через тиждень.'),(363,15,10,1,37,'2025-05-21 13:30:00','Прийом завершено','Рекомендовано пройти обстеження.'),(364,43,9,1,55,'2025-06-10 09:45:00','Пацієнт не з’явився','Потрібна консультація вузького спеціаліста.'),(365,37,3,2,86,'2025-05-23 18:15:00','Пацієнт не з’явився','Потрібна консультація вузького спеціаліста.'),(366,98,3,4,56,'2025-06-05 08:00:00','Прийом завершено','Наступний прийом через тиждень.'),(367,8,7,2,57,'2025-05-21 10:30:00','Пацієнт не з’явився','Скарг немає.'),(368,9,3,1,59,'2025-06-07 15:30:00','Пацієнт не з’явився','Проведено візуальний огляд.'),(369,29,1,2,69,'2025-06-18 14:15:00','Пацієнт не з’явився','Призначено аналіз крові.'),(370,38,3,1,65,'2025-06-08 11:00:00','Пацієнт не з’явився','Призначено курс антибіотиків.'),(371,74,10,4,28,'2025-06-03 16:45:00','Пацієнт не з’явився','Рекомендовано пройти обстеження.'),(372,57,1,1,84,'2025-06-18 15:30:00','Пацієнт не з’явився','Проведено візуальний огляд.'),(373,2,5,2,76,'2025-05-24 14:00:00','Прийом завершено','Скарг немає.'),(374,77,4,5,25,'2025-06-19 10:30:00','Пацієнт не з’явився','Потрібна консультація вузького спеціаліста.'),(375,40,9,4,16,'2025-06-07 14:45:00','Пацієнт не з’явився','Призначено курс антибіотиків.'),(376,57,4,1,68,'2025-06-11 12:30:00','Прийом завершено','Загальний стан задовільний.'),(377,30,10,4,5,'2025-06-04 17:00:00','Пацієнт не з’явився','Призначено курс антибіотиків.'),(378,75,4,2,22,'2025-06-11 18:30:00','Пацієнт не з’явився','Загальний стан задовільний.'),(379,17,7,4,34,'2025-06-08 13:00:00','Пацієнт не з’явився','Пацієнт порушив рекомендації.'),(380,5,9,5,12,'2025-05-20 18:45:00','Пацієнт не з’явився','Рекомендовано пройти обстеження.'),(381,71,7,4,58,'2025-06-20 11:45:00','Пацієнт не з’явився','Призначено курс антибіотиків.'),(382,37,2,1,55,'2025-06-09 09:30:00','Прийом завершено','Пацієнт скаржиться на головний біль.'),(383,54,6,3,66,'2025-06-15 10:00:00','Пацієнт не з’явився','Призначено курс антибіотиків.'),(384,1,1,5,43,'2025-06-13 13:30:00','Прийом завершено','Скарг немає.'),(385,16,5,1,7,'2025-06-16 14:30:00','Пацієнт не з’явився','Скарг немає.'),(386,59,9,3,82,'2025-06-08 15:00:00','Прийом завершено','Скарг немає.'),(387,96,3,3,20,'2025-06-15 10:30:00','Пацієнт не з’явився','Пацієнт порушив рекомендації.'),(388,9,7,5,30,'2025-05-21 16:00:00','Пацієнт не з’явився','Скарг немає.'),(389,56,8,1,59,'2025-05-24 18:00:00','Пацієнт не з’явився','Пацієнт скаржиться на головний біль.'),(390,98,6,4,43,'2025-06-17 15:15:00','Пацієнт не з’явився','Потрібна консультація вузького спеціаліста.'),(391,50,2,1,53,'2025-06-06 08:00:00','Прийом завершено','Загальний стан задовільний.'),(392,68,4,5,41,'2025-05-27 13:15:00','Пацієнт не з’явився','Призначено курс антибіотиків.'),(393,5,6,2,49,'2025-05-29 09:45:00','Прийом завершено','Рекомендовано пройти обстеження.'),(394,74,1,3,19,'2025-06-14 13:45:00','Пацієнт не з’явився','Рекомендовано пройти обстеження.'),(395,22,2,4,64,'2025-05-24 10:00:00','Прийом завершено','Проведено візуальний огляд.'),(396,33,10,1,22,'2025-05-27 12:45:00','Пацієнт не з’явився','Наступний прийом через тиждень.'),(397,32,5,1,44,'2025-06-06 13:15:00','Прийом завершено','Призначено курс антибіотиків.'),(398,13,7,2,16,'2025-06-09 13:15:00','Прийом завершено','Проведено візуальний огляд.'),(399,9,1,4,43,'2025-05-24 16:30:00','Пацієнт не з’явився','Загальний стан задовільний.'),(400,13,9,3,99,'2025-06-17 18:00:00','Прийом завершено','Потрібна консультація вузького спеціаліста.'),(401,11,4,2,39,'2025-06-08 11:00:00','Прийом завершено','Наступний прийом через тиждень.'),(402,73,6,2,84,'2025-06-11 18:15:00','Прийом завершено','Наступний прийом через тиждень.'),(403,13,2,2,77,'2025-05-22 11:00:00','Пацієнт не з’явився','Скарг немає.'),(404,43,9,1,97,'2025-06-20 18:45:00','Пацієнт не з’явився','Призначено курс антибіотиків.'),(405,50,10,1,56,'2025-06-13 16:45:00','Пацієнт не з’явився','Загальний стан задовільний.'),(406,81,9,3,54,'2025-06-04 09:00:00','Прийом завершено','Рекомендовано пройти обстеження.'),(407,7,7,3,58,'2025-06-11 13:45:00','Прийом завершено','Призначено курс антибіотиків.'),(408,37,3,3,89,'2025-06-17 17:15:00','Пацієнт не з’явився','Потрібна консультація вузького спеціаліста.'),(409,72,10,5,90,'2025-05-31 15:45:00','Прийом завершено','Загальний стан задовільний.'),(410,82,9,4,21,'2025-06-13 13:00:00','Пацієнт не з’явився','Наступний прийом через тиждень.'),(411,89,2,2,64,'2025-05-20 14:15:00','Пацієнт не з’явився','Скарг немає.'),(412,25,4,3,99,'2025-06-18 15:45:00','Пацієнт не з’явився','Призначено курс антибіотиків.'),(413,8,4,4,78,'2025-05-24 13:30:00','Пацієнт не з’явився','Рекомендовано пройти обстеження.'),(414,93,7,5,13,'2025-06-09 12:15:00','Пацієнт не з’явився','Скарг немає.'),(415,4,7,5,53,'2025-05-28 13:45:00','Пацієнт не з’явився','Рекомендовано пройти обстеження.'),(416,74,1,3,28,'2025-06-13 12:15:00','Прийом завершено','Призначено курс антибіотиків.'),(417,44,1,2,76,'2025-06-11 11:00:00','Пацієнт не з’явився','Призначено курс антибіотиків.'),(418,32,1,1,79,'2025-05-27 16:30:00','Пацієнт не з’явився','Проведено візуальний огляд.'),(419,19,10,5,29,'2025-05-23 18:00:00','Пацієнт не з’явився','Потрібна консультація вузького спеціаліста.'),(420,69,1,4,98,'2025-06-19 11:15:00','Пацієнт не з’явився','Наступний прийом через тиждень.'),(421,62,7,2,73,'2025-05-25 09:15:00','Прийом завершено','Скарг немає.'),(422,11,10,2,2,'2025-05-23 15:15:00','Пацієнт не з’явився','Потрібна консультація вузького спеціаліста.'),(423,44,6,2,25,'2025-06-07 09:30:00','Пацієнт не з’явився','Наступний прийом через тиждень.'),(424,99,10,4,11,'2025-06-14 13:45:00','Пацієнт не з’явився','Скарг немає.'),(425,90,2,2,84,'2025-06-09 13:15:00','Прийом завершено','Потрібна консультація вузького спеціаліста.'),(426,57,2,3,55,'2025-06-01 11:15:00','Пацієнт не з’явився','Потрібна консультація вузького спеціаліста.'),(427,72,6,4,89,'2025-05-23 12:45:00','Пацієнт не з’явився','Потрібна консультація вузького спеціаліста.'),(428,38,4,1,34,'2025-06-01 17:15:00','Прийом завершено','Пацієнт скаржиться на головний біль.'),(429,7,10,5,8,'2025-06-01 17:30:00','Прийом завершено','Призначено аналіз крові.'),(430,37,5,2,19,'2025-05-20 18:00:00','Пацієнт не з’явився','Призначено аналіз крові.'),(431,60,2,3,64,'2025-06-11 17:15:00','Прийом завершено','Скарг немає.'),(432,83,2,3,28,'2025-06-16 08:45:00','Пацієнт не з’явився','Пацієнт порушив рекомендації.'),(433,8,9,2,96,'2025-05-23 10:30:00','Пацієнт не з’явився','Пацієнт порушив рекомендації.'),(434,17,10,1,82,'2025-06-07 12:45:00','Прийом завершено','Пацієнт порушив рекомендації.'),(435,43,10,3,92,'2025-06-07 16:30:00','Прийом завершено','Рекомендовано пройти обстеження.'),(436,52,2,5,13,'2025-06-11 08:15:00','Пацієнт не з’явився','Наступний прийом через тиждень.'),(437,6,4,4,14,'2025-06-01 11:00:00','Пацієнт не з’явився','Рекомендовано пройти обстеження.'),(438,13,2,3,78,'2025-06-13 16:00:00','Пацієнт не з’явився','Пацієнт порушив рекомендації.'),(439,84,3,5,36,'2025-06-20 08:15:00','Пацієнт не з’явився','Проведено візуальний огляд.'),(440,30,8,2,25,'2025-05-20 09:30:00','Пацієнт не з’явився','Пацієнт порушив рекомендації.'),(441,1,1,4,27,'2025-05-25 08:15:00','Прийом завершено','Скарг немає.'),(442,27,10,1,55,'2025-06-05 09:15:00','Пацієнт не з’явився','Призначено аналіз крові.'),(443,11,2,2,19,'2025-06-20 15:15:00','Пацієнт не з’явився','Проведено візуальний огляд.'),(444,68,5,2,17,'2025-06-18 10:00:00','Пацієнт не з’явився','Рекомендовано пройти обстеження.'),(445,67,8,2,36,'2025-06-13 11:30:00','Прийом завершено','Пацієнт скаржиться на головний біль.'),(446,97,2,1,54,'2025-05-20 10:45:00','Пацієнт не з’явився','Потрібна консультація вузького спеціаліста.'),(447,73,5,5,75,'2025-06-08 13:15:00','Пацієнт не з’явився','Рекомендовано пройти обстеження.'),(448,75,5,3,71,'2025-05-28 14:45:00','Пацієнт не з’явився','Пацієнт порушив рекомендації.'),(449,58,2,5,26,'2025-06-04 18:15:00','Пацієнт не з’явився','Наступний прийом через тиждень.'),(450,40,7,4,4,'2025-05-26 13:15:00','Прийом завершено','Скарг немає.'),(451,15,8,2,88,'2025-05-29 12:45:00','Пацієнт не з’явився','Проведено візуальний огляд.'),(452,54,8,5,15,'2025-06-15 15:30:00','Пацієнт не з’явився','Скарг немає.'),(453,95,8,3,45,'2025-06-15 18:00:00','Прийом завершено','Рекомендовано пройти обстеження.'),(454,20,3,4,54,'2025-06-04 10:30:00','Пацієнт не з’явився','Скарг немає.'),(455,19,4,3,44,'2025-06-01 11:15:00','Прийом завершено','Призначено курс антибіотиків.'),(456,50,8,3,22,'2025-05-30 10:15:00','Прийом завершено','Загальний стан задовільний.'),(457,38,8,3,76,'2025-05-31 16:30:00','Пацієнт не з’явився','Скарг немає.'),(458,41,8,4,58,'2025-06-09 12:45:00','Прийом завершено','Призначено аналіз крові.'),(459,52,2,2,89,'2025-05-22 15:30:00','Пацієнт не з’явився','Призначено курс антибіотиків.'),(460,42,6,1,45,'2025-06-15 10:30:00','Прийом завершено','Загальний стан задовільний.'),(461,13,4,1,11,'2025-06-16 08:30:00','Пацієнт не з’явився','Проведено візуальний огляд.'),(462,38,9,3,27,'2025-05-25 15:45:00','Пацієнт не з’явився','Рекомендовано пройти обстеження.'),(463,80,3,5,72,'2025-06-20 14:15:00','Прийом завершено','Рекомендовано пройти обстеження.'),(464,9,4,2,75,'2025-06-11 16:45:00','Пацієнт не з’явився','Проведено візуальний огляд.'),(465,51,3,2,95,'2025-06-18 14:45:00','Прийом завершено','Пацієнт порушив рекомендації.'),(466,13,6,5,77,'2025-06-07 17:30:00','Пацієнт не з’явився','Проведено візуальний огляд.'),(467,38,3,5,53,'2025-06-07 11:45:00','Пацієнт не з’явився','Загальний стан задовільний.'),(468,81,7,1,24,'2025-06-17 16:30:00','Пацієнт не з’явився','Наступний прийом через тиждень.'),(469,12,4,5,88,'2025-05-21 16:30:00','Прийом завершено','Пацієнт скаржиться на головний біль.'),(470,98,1,1,58,'2025-05-21 12:00:00','Прийом завершено','Скарг немає.'),(471,15,10,5,51,'2025-06-15 08:15:00','Прийом завершено','Рекомендовано пройти обстеження.'),(472,31,10,5,73,'2025-06-10 11:30:00','Пацієнт не з’явився','Пацієнт порушив рекомендації.'),(473,86,1,3,60,'2025-05-22 18:15:00','Прийом завершено','Наступний прийом через тиждень.'),(474,76,7,5,43,'2025-05-21 17:30:00','Пацієнт не з’явився','Наступний прийом через тиждень.'),(475,85,1,3,64,'2025-06-01 18:30:00','Прийом завершено','Потрібна консультація вузького спеціаліста.'),(476,47,3,1,24,'2025-06-18 15:45:00','Прийом завершено','Пацієнт порушив рекомендації.'),(477,48,8,2,67,'2025-06-01 18:15:00','Пацієнт не з’явився','Призначено курс антибіотиків.'),(478,62,5,3,6,'2025-05-31 08:45:00','Прийом завершено','Наступний прийом через тиждень.'),(479,22,1,2,95,'2025-05-28 10:30:00','Пацієнт не з’явився','Рекомендовано пройти обстеження.'),(480,24,4,5,28,'2025-06-07 17:45:00','Пацієнт не з’явився','Потрібна консультація вузького спеціаліста.'),(481,62,5,3,54,'2025-05-31 12:45:00','Прийом завершено','Пацієнт скаржиться на головний біль.'),(482,85,1,2,5,'2025-06-20 09:30:00','Прийом завершено','Проведено візуальний огляд.'),(483,96,9,4,9,'2025-06-08 11:00:00','Прийом завершено','Пацієнт порушив рекомендації.'),(484,55,10,3,81,'2025-06-04 16:00:00','Пацієнт не з’явився','Скарг немає.'),(485,92,4,1,74,'2025-06-15 11:45:00','Пацієнт не з’явився','Призначено курс антибіотиків.'),(486,3,8,5,30,'2025-06-04 14:00:00','Пацієнт не з’явився','Скарг немає.'),(487,86,10,5,58,'2025-05-22 13:45:00','Прийом завершено','Пацієнт порушив рекомендації.'),(488,59,3,4,60,'2025-06-03 09:00:00','Пацієнт не з’явився','Загальний стан задовільний.'),(489,85,6,2,71,'2025-06-13 08:45:00','Прийом завершено','Потрібна консультація вузького спеціаліста.'),(490,34,8,3,67,'2025-06-09 14:15:00','Прийом завершено','Рекомендовано пройти обстеження.'),(491,69,1,4,77,'2025-05-28 13:15:00','Прийом завершено','Рекомендовано пройти обстеження.'),(492,40,9,1,1,'2025-06-11 17:30:00','Пацієнт не з’явився','Загальний стан задовільний.'),(493,35,5,2,15,'2025-06-06 08:30:00','Прийом завершено','Потрібна консультація вузького спеціаліста.'),(494,67,6,3,59,'2025-05-27 12:15:00','Пацієнт не з’явився','Призначено аналіз крові.'),(495,87,1,2,81,'2025-06-19 09:30:00','Прийом завершено','Призначено курс антибіотиків.'),(496,96,8,1,71,'2025-05-24 14:45:00','Пацієнт не з’явився','Пацієнт скаржиться на головний біль.'),(497,9,5,3,93,'2025-05-27 14:00:00','Пацієнт не з’явився','Проведено візуальний огляд.'),(498,14,8,1,29,'2025-05-24 18:30:00','Пацієнт не з’явився','Призначено аналіз крові.'),(499,14,3,5,41,'2025-06-07 08:45:00','Пацієнт не з’явився','Проведено візуальний огляд.'),(500,40,6,4,92,'2025-05-24 10:45:00','Пацієнт не з’явився','Скарг немає.'),(501,15,1,NULL,15,'2025-06-21 09:00:00','Пацієнт не з’явився',''),(502,10,1,NULL,10,'2025-06-21 17:00:00','Пацієнт не з’явився',''),(503,17,1,NULL,17,'2025-06-21 11:00:00','Пацієнт не з’явився',''),(504,9,9,1,9,'2025-06-21 17:00:00','Пацієнт не з’явився',''),(505,21,1,1,21,'2025-07-01 09:00:00','Прийом завершено','Болить живіт1'),(506,11,1,NULL,11,'2025-06-22 09:00:00','Прийом завершено',''),(507,10,1,NULL,10,'2025-06-22 10:00:00','Прийом завершено',''),(508,19,1,NULL,19,'2025-06-22 11:00:00','Прийом завершено',''),(509,3,8,1,3,'2025-06-22 10:00:00','Очікується',''),(510,17,1,NULL,17,'2025-06-22 12:00:00','Прийом завершено',''),(511,16,1,NULL,16,'2025-06-22 17:00:00','Пацієнт не з’явився',''),(512,9,1,NULL,9,'2025-06-22 13:00:00','Прийом завершено',''),(513,15,1,NULL,15,'2025-06-22 15:00:00','Прийом завершено',''),(514,53,1,NULL,53,'2025-06-22 16:00:00','Пацієнт не з’явився',''),(515,7,1,NULL,7,'0001-01-01 10:00:00','Очікується',''),(516,18,3,1,18,'2025-06-22 17:00:00','Очікується','');
/*!40000 ALTER TABLE `appointments` ENABLE KEYS */;
UNLOCK TABLES;

--
-- Table structure for table `cardallergies`
--

DROP TABLE IF EXISTS `cardallergies`;
/*!40101 SET @saved_cs_client     = @@character_set_client */;
/*!50503 SET character_set_client = utf8mb4 */;
CREATE TABLE `cardallergies` (
  `AmbulatoryCardID` int NOT NULL,
  `AllergyID` int NOT NULL,
  PRIMARY KEY (`AmbulatoryCardID`,`AllergyID`),
  KEY `AllergyID` (`AllergyID`),
  CONSTRAINT `cardallergies_ibfk_1` FOREIGN KEY (`AmbulatoryCardID`) REFERENCES `ambulatorycards` (`AmbulatoryCardID`),
  CONSTRAINT `cardallergies_ibfk_2` FOREIGN KEY (`AllergyID`) REFERENCES `allergies` (`AllergyID`)
) ENGINE=InnoDB DEFAULT CHARSET=utf8mb4 COLLATE=utf8mb4_0900_ai_ci;
/*!40101 SET character_set_client = @saved_cs_client */;

--
-- Dumping data for table `cardallergies`
--

LOCK TABLES `cardallergies` WRITE;
/*!40000 ALTER TABLE `cardallergies` DISABLE KEYS */;
INSERT INTO `cardallergies` VALUES (3,1),(5,1),(8,1),(9,1),(13,1),(17,1),(36,1),(42,1),(47,1),(53,1),(56,1),(73,1),(75,1),(76,1),(79,1),(80,1),(92,1),(97,1),(99,1),(15,2),(16,2),(22,2),(25,2),(26,2),(41,2),(43,2),(44,2),(45,2),(50,2),(60,2),(62,2),(66,2),(69,2),(70,2),(83,2),(94,2),(98,2),(2,3),(10,3),(11,3),(18,3),(28,3),(35,3),(37,3),(38,3),(39,3),(51,3),(57,3),(81,3),(82,3),(84,3),(87,3),(89,3),(95,3),(100,3),(6,4),(19,4),(20,4),(30,4),(46,4),(48,4),(52,4),(58,4),(65,4),(68,4),(77,4),(85,4),(96,4),(1,5),(4,5),(7,5),(12,5),(14,5),(23,5),(24,5),(27,5),(29,5),(31,5),(32,5),(33,5),(34,5),(40,5),(49,5),(54,5),(55,5),(59,5),(61,5),(63,5),(64,5),(67,5),(71,5),(72,5),(74,5),(78,5),(86,5),(88,5),(90,5),(91,5),(93,5),(21,6);
/*!40000 ALTER TABLE `cardallergies` ENABLE KEYS */;
UNLOCK TABLES;

--
-- Table structure for table `cardchronicdiseases`
--

DROP TABLE IF EXISTS `cardchronicdiseases`;
/*!40101 SET @saved_cs_client     = @@character_set_client */;
/*!50503 SET character_set_client = utf8mb4 */;
CREATE TABLE `cardchronicdiseases` (
  `AmbulatoryCardID` int NOT NULL,
  `DiseaseID` int NOT NULL,
  PRIMARY KEY (`AmbulatoryCardID`,`DiseaseID`),
  KEY `DiseaseID` (`DiseaseID`),
  CONSTRAINT `cardchronicdiseases_ibfk_1` FOREIGN KEY (`AmbulatoryCardID`) REFERENCES `ambulatorycards` (`AmbulatoryCardID`),
  CONSTRAINT `cardchronicdiseases_ibfk_2` FOREIGN KEY (`DiseaseID`) REFERENCES `chronicdiseases` (`DiseaseID`)
) ENGINE=InnoDB DEFAULT CHARSET=utf8mb4 COLLATE=utf8mb4_0900_ai_ci;
/*!40101 SET character_set_client = @saved_cs_client */;

--
-- Dumping data for table `cardchronicdiseases`
--

LOCK TABLES `cardchronicdiseases` WRITE;
/*!40000 ALTER TABLE `cardchronicdiseases` DISABLE KEYS */;
INSERT INTO `cardchronicdiseases` VALUES (9,1),(14,1),(15,1),(20,1),(23,1),(31,1),(38,1),(41,1),(58,1),(60,1),(61,1),(68,1),(75,1),(81,1),(84,1),(89,1),(90,1),(91,1),(95,1),(100,1),(7,2),(22,2),(30,2),(39,2),(52,2),(57,2),(62,2),(66,2),(70,2),(71,2),(78,2),(80,2),(82,2),(85,2),(93,2),(1,3),(4,3),(8,3),(10,3),(12,3),(16,3),(27,3),(28,3),(35,3),(40,3),(45,3),(46,3),(50,3),(51,3),(54,3),(63,3),(67,3),(69,3),(74,3),(77,3),(92,3),(96,3),(97,3),(2,4),(3,4),(5,4),(6,4),(11,4),(18,4),(19,4),(29,4),(32,4),(33,4),(34,4),(37,4),(43,4),(47,4),(48,4),(59,4),(64,4),(65,4),(83,4),(87,4),(88,4),(94,4),(13,5),(17,5),(24,5),(25,5),(26,5),(36,5),(42,5),(44,5),(49,5),(53,5),(55,5),(56,5),(72,5),(73,5),(76,5),(79,5),(86,5),(98,5),(99,5),(21,6);
/*!40000 ALTER TABLE `cardchronicdiseases` ENABLE KEYS */;
UNLOCK TABLES;

--
-- Table structure for table `chronicdiseases`
--

DROP TABLE IF EXISTS `chronicdiseases`;
/*!40101 SET @saved_cs_client     = @@character_set_client */;
/*!50503 SET character_set_client = utf8mb4 */;
CREATE TABLE `chronicdiseases` (
  `DiseaseID` int NOT NULL AUTO_INCREMENT,
  `Name` varchar(100) NOT NULL,
  PRIMARY KEY (`DiseaseID`),
  UNIQUE KEY `Name` (`Name`)
) ENGINE=InnoDB AUTO_INCREMENT=7 DEFAULT CHARSET=utf8mb4 COLLATE=utf8mb4_0900_ai_ci;
/*!40101 SET character_set_client = @saved_cs_client */;

--
-- Dumping data for table `chronicdiseases`
--

LOCK TABLES `chronicdiseases` WRITE;
/*!40000 ALTER TABLE `chronicdiseases` DISABLE KEYS */;
INSERT INTO `chronicdiseases` VALUES (1,'Астма'),(6,'аутизм (дотер)'),(5,'Гастрит'),(3,'Гіпертонія'),(2,'Діабет'),(4,'Епілепсія');
/*!40000 ALTER TABLE `chronicdiseases` ENABLE KEYS */;
UNLOCK TABLES;

--
-- Table structure for table `doctors`
--

DROP TABLE IF EXISTS `doctors`;
/*!40101 SET @saved_cs_client     = @@character_set_client */;
/*!50503 SET character_set_client = utf8mb4 */;
CREATE TABLE `doctors` (
  `DoctorID` int NOT NULL AUTO_INCREMENT,
  `LastName` varchar(50) NOT NULL,
  `FirstName` varchar(50) NOT NULL,
  `FathersName` varchar(50) DEFAULT NULL,
  `DateOfBirth` date NOT NULL,
  `PhoneNumber` varchar(20) DEFAULT NULL,
  `BreakHour` time NOT NULL DEFAULT '13:00:00',
  `SpecialtyID` int NOT NULL,
  PRIMARY KEY (`DoctorID`),
  KEY `SpecialtyID` (`SpecialtyID`),
  CONSTRAINT `doctors_ibfk_1` FOREIGN KEY (`SpecialtyID`) REFERENCES `specialties` (`SpecialtyID`)
) ENGINE=InnoDB AUTO_INCREMENT=11 DEFAULT CHARSET=utf8mb4 COLLATE=utf8mb4_0900_ai_ci;
/*!40101 SET character_set_client = @saved_cs_client */;

--
-- Dumping data for table `doctors`
--

LOCK TABLES `doctors` WRITE;
/*!40000 ALTER TABLE `doctors` DISABLE KEYS */;
INSERT INTO `doctors` VALUES (1,'Бондар','Ірина',NULL,'1988-06-23',NULL,'14:00:00',3),(2,'Шевченко','Андрій',NULL,'1987-11-25',NULL,'14:00:00',1),(3,'Бондар','Ігор',NULL,'2016-01-30',NULL,'12:00:00',3),(4,'Захарченко','Марія',NULL,'2012-06-15',NULL,'12:00:00',2),(5,'Шевченко','Олег',NULL,'1992-09-08',NULL,'12:00:00',1),(6,'Петренко','Олена',NULL,'1996-02-09',NULL,'12:00:00',1),(7,'Ковальчук','Ірина',NULL,'1989-10-31',NULL,'13:00:00',2),(8,'Ковальчук','Ірина',NULL,'2011-03-28',NULL,'13:00:00',3),(9,'Петренко','Олег',NULL,'2008-04-20',NULL,'14:00:00',3),(10,'Бондар','Олена',NULL,'2002-08-13',NULL,'13:00:00',2);
/*!40000 ALTER TABLE `doctors` ENABLE KEYS */;
UNLOCK TABLES;

--
-- Table structure for table `patients`
--

DROP TABLE IF EXISTS `patients`;
/*!40101 SET @saved_cs_client     = @@character_set_client */;
/*!50503 SET character_set_client = utf8mb4 */;
CREATE TABLE `patients` (
  `PatientID` int NOT NULL AUTO_INCREMENT,
  `LastName` varchar(50) NOT NULL,
  `FirstName` varchar(50) NOT NULL,
  `FathersName` varchar(50) DEFAULT NULL,
  `DateOfBirth` date NOT NULL,
  `Gender` enum('Male','Female') NOT NULL,
  `PhoneNumber` varchar(15) DEFAULT NULL,
  PRIMARY KEY (`PatientID`)
) ENGINE=InnoDB AUTO_INCREMENT=101 DEFAULT CHARSET=utf8mb4 COLLATE=utf8mb4_0900_ai_ci;
/*!40101 SET character_set_client = @saved_cs_client */;

--
-- Dumping data for table `patients`
--

LOCK TABLES `patients` WRITE;
/*!40000 ALTER TABLE `patients` DISABLE KEYS */;
INSERT INTO `patients` VALUES (1,'Мельник','Максим',NULL,'2018-08-15','Female','0674824152'),(2,'Бондар','Олена',NULL,'2000-01-15','Female','0504053236'),(3,'Петренко','Марія',NULL,'1993-04-14','Female','0738047470'),(4,'Сидоренко','Ігор',NULL,'2014-10-04','Male','0508739035'),(5,'Захарченко','Олег',NULL,'2013-12-21','Female','0739359128'),(6,'Гриценко','Максим',NULL,'1998-04-24','Female','0934811128'),(7,'Бондар','Тарас',NULL,'2016-03-10','Female','0979866766'),(8,'Ковальчук','Максим',NULL,'2007-01-13','Female','0501463335'),(9,'Гриценко','Ірина',NULL,'1998-11-12','Female','0931421478'),(10,'Петренко','Марія',NULL,'2018-08-01','Female','0731737673'),(11,'Петренко','Ірина',NULL,'2021-05-11','Female','0504184503'),(12,'Захарченко','Андрій',NULL,'1997-10-08','Male','0672239180'),(13,'Петренко','Ігор',NULL,'2017-06-10','Male','0503457616'),(14,'Литвин','Ірина',NULL,'2019-06-23','Female','0933635519'),(15,'Петренко','Олег',NULL,'2016-11-27','Female','0503042073'),(16,'Шевченко','Максим',NULL,'2020-01-08','Female','0739315751'),(17,'Сидоренко','Максим',NULL,'2014-04-14','Male','0504899125'),(18,'Петренко','Андрій',NULL,'1996-06-23','Female','0678771079'),(19,'Литвин','Ігор',NULL,'2000-08-10','Male','0674159494'),(20,'Ковальчук','Дмитро',NULL,'2010-09-09','Male','0937631887'),(21,'Іванов','Дмитро',NULL,'1991-02-07','Male','0674753299'),(22,'Гриценко','Марія',NULL,'2010-09-29','Female','0675326905'),(23,'Мельник','Марія',NULL,'2007-02-10','Female','0733676080'),(24,'Литвин','Максим',NULL,'1990-05-06','Female','0507051641'),(25,'Захарченко','Марія',NULL,'2010-12-17','Female','0931665617'),(26,'Іванов','Ігор',NULL,'1995-03-18','Male','0939186518'),(27,'Захарченко','Максим',NULL,'1997-04-30','Male','0735095231'),(28,'Іванов','Максим',NULL,'2013-05-22','Male','0736624704'),(29,'Шевченко','Тарас',NULL,'2005-06-02','Female','0735312099'),(30,'Сидоренко','Максим',NULL,'2002-01-01','Female','0971963830'),(31,'Сидоренко','Марія',NULL,'1997-08-13','Male','0971173239'),(32,'Мельник','Андрій',NULL,'2004-01-30','Female','0738585728'),(33,'Мельник','Андрій',NULL,'2006-12-27','Male','0977035545'),(34,'Сидоренко','Світлана',NULL,'2017-01-24','Male','0938857821'),(35,'Литвин','Максим',NULL,'2010-03-12','Female','0508910322'),(36,'Гриценко','Марія',NULL,'2020-08-02','Male','0971476123'),(37,'Іванов','Світлана',NULL,'2019-10-25','Female','0971864980'),(38,'Мельник','Максим',NULL,'2005-06-05','Female','0737404801'),(39,'Петренко','Олег',NULL,'1996-02-08','Female','0738322031'),(40,'Ковальчук','Марія',NULL,'2017-09-18','Female','0931546778'),(41,'Петренко','Олег',NULL,'1995-07-08','Female','0971801396'),(42,'Мельник','Максим',NULL,'1999-10-12','Male','0675657211'),(43,'Захарченко','Андрій',NULL,'2013-10-01','Female','0505491241'),(44,'Гриценко','Ірина',NULL,'1993-11-03','Female','0674428561'),(45,'Захарченко','Ігор',NULL,'1991-08-26','Female','0734737252'),(46,'Гриценко','Ігор',NULL,'2020-07-21','Male','0739838804'),(47,'Ковальчук','Тарас',NULL,'1999-10-28','Male','0971368237'),(48,'Іванов','Ірина',NULL,'2005-12-02','Female','0734107519'),(49,'Шевченко','Олег',NULL,'1992-10-03','Female','0937775317'),(50,'Ковальчук','Олег',NULL,'2007-01-13','Male','0972057849'),(51,'Іванов','Світлана',NULL,'2006-02-03','Female','0933200793'),(52,'Литвин','Дмитро',NULL,'2017-02-22','Female','0732996701'),(53,'Литвин','Максим',NULL,'2001-12-02','Female','0505457731'),(54,'Шевченко','Олена',NULL,'2006-11-12','Female','0676139101'),(55,'Мельник','Дмитро',NULL,'1992-12-28','Male','0939795599'),(56,'Бондар','Максим',NULL,'2008-12-10','Female','0502776130'),(57,'Ковальчук','Світлана',NULL,'2020-07-04','Male','0674050271'),(58,'Мельник','Тарас',NULL,'2003-11-05','Male','0971102524'),(59,'Петренко','Олена',NULL,'2007-06-28','Male','0676374621'),(60,'Гриценко','Марія',NULL,'2000-09-27','Female','0935263103'),(61,'Шевченко','Максим',NULL,'2002-10-15','Male','0674913691'),(62,'Іванов','Світлана',NULL,'2010-07-27','Male','0738698395'),(63,'Сидоренко','Дмитро',NULL,'2016-09-18','Male','0972120683'),(64,'Гриценко','Марія',NULL,'2018-09-20','Male','0502095352'),(65,'Гриценко','Світлана',NULL,'1998-10-29','Female','0937385985'),(66,'Захарченко','Олег',NULL,'2015-09-01','Male','0733015149'),(67,'Мельник','Андрій',NULL,'2003-10-24','Female','0673375325'),(68,'Захарченко','Дмитро',NULL,'2009-01-07','Male','0671804719'),(69,'Ковальчук','Ігор',NULL,'1992-06-10','Female','0975262466'),(70,'Сидоренко','Ірина',NULL,'2001-02-08','Female','0732227674'),(71,'Сидоренко','Олена',NULL,'1991-09-23','Male','0977358678'),(72,'Мельник','Тарас',NULL,'1998-11-15','Male','0507568224'),(73,'Бондар','Олена',NULL,'1993-09-07','Female','0932721593'),(74,'Петренко','Олена',NULL,'1996-06-29','Male','0504204588'),(75,'Мельник','Марія',NULL,'2020-10-20','Female','0508078449'),(76,'Іванов','Тарас',NULL,'2000-05-21','Male','0734172291'),(77,'Захарченко','Марія',NULL,'2003-08-07','Male','0974510783'),(78,'Бондар','Олена',NULL,'1989-01-14','Male','0733013987'),(79,'Ковальчук','Ігор',NULL,'2017-05-08','Male','0672233268'),(80,'Захарченко','Андрій',NULL,'2005-06-24','Male','0978980082'),(81,'Захарченко','Олег',NULL,'1995-12-02','Female','0672659679'),(82,'Гриценко','Дмитро',NULL,'2019-09-04','Female','0733629434'),(83,'Гриценко','Дмитро',NULL,'2017-10-08','Female','0738133016'),(84,'Гриценко','Світлана',NULL,'2005-07-22','Male','0976402780'),(85,'Бондар','Максим',NULL,'1991-04-24','Male','0679406229'),(86,'Сидоренко','Дмитро',NULL,'2003-09-04','Male','0677142275'),(87,'Захарченко','Світлана',NULL,'2002-02-22','Male','0733110932'),(88,'Петренко','Ігор',NULL,'2009-08-13','Female','0939228814'),(89,'Петренко','Тарас',NULL,'2007-06-18','Male','0502277876'),(90,'Бондар','Олег',NULL,'2000-11-05','Male','0972523347'),(91,'Сидоренко','Олена',NULL,'2018-07-30','Female','0675693779'),(92,'Шевченко','Світлана',NULL,'1994-12-02','Female','0676300458'),(93,'Петренко','Максим',NULL,'2017-11-29','Female','0504960890'),(94,'Гриценко','Олена',NULL,'1996-01-06','Female','0505757737'),(95,'Гриценко','Марія',NULL,'2001-07-26','Male','0675064176'),(96,'Шевченко','Олена',NULL,'2010-12-30','Female','0937941348'),(97,'Гриценко','Андрій',NULL,'2008-11-15','Female','0938925881'),(98,'Ковальчук','Ігор',NULL,'1999-07-08','Female','0506979675'),(99,'Бондар','Олег',NULL,'2006-05-14','Female','0938686459'),(100,'Шевченко','Тарас',NULL,'1996-01-05','Female','0931308638');
/*!40000 ALTER TABLE `patients` ENABLE KEYS */;
UNLOCK TABLES;

--
-- Table structure for table `receptionist`
--

DROP TABLE IF EXISTS `receptionist`;
/*!40101 SET @saved_cs_client     = @@character_set_client */;
/*!50503 SET character_set_client = utf8mb4 */;
CREATE TABLE `receptionist` (
  `ReceptionistID` int NOT NULL AUTO_INCREMENT,
  `LastName` varchar(50) NOT NULL,
  `FirstName` varchar(50) NOT NULL,
  `FathersName` varchar(50) DEFAULT NULL,
  `PhoneNumber` varchar(15) DEFAULT NULL,
  PRIMARY KEY (`ReceptionistID`)
) ENGINE=InnoDB AUTO_INCREMENT=6 DEFAULT CHARSET=utf8mb4 COLLATE=utf8mb4_0900_ai_ci;
/*!40101 SET character_set_client = @saved_cs_client */;

--
-- Dumping data for table `receptionist`
--

LOCK TABLES `receptionist` WRITE;
/*!40000 ALTER TABLE `receptionist` DISABLE KEYS */;
INSERT INTO `receptionist` VALUES (1,'Ковальчук','Марія',NULL,'0932260021'),(2,'Мельник','Влада','Олегівна','0501362985'),(3,'Литвин','Олег',NULL,'0678216524'),(4,'Бондар','Дмитро',NULL,'0505065173'),(5,'Бондар','Тарас',NULL,'0971298543');
/*!40000 ALTER TABLE `receptionist` ENABLE KEYS */;
UNLOCK TABLES;

--
-- Table structure for table `specialties`
--

DROP TABLE IF EXISTS `specialties`;
/*!40101 SET @saved_cs_client     = @@character_set_client */;
/*!50503 SET character_set_client = utf8mb4 */;
CREATE TABLE `specialties` (
  `SpecialtyID` int NOT NULL AUTO_INCREMENT,
  `Name` varchar(50) NOT NULL,
  PRIMARY KEY (`SpecialtyID`),
  UNIQUE KEY `Name` (`Name`)
) ENGINE=InnoDB AUTO_INCREMENT=4 DEFAULT CHARSET=utf8mb4 COLLATE=utf8mb4_0900_ai_ci;
/*!40101 SET character_set_client = @saved_cs_client */;

--
-- Dumping data for table `specialties`
--

LOCK TABLES `specialties` WRITE;
/*!40000 ALTER TABLE `specialties` DISABLE KEYS */;
INSERT INTO `specialties` VALUES (2,'Гінеколог'),(1,'ЛОР'),(3,'Хірург');
/*!40000 ALTER TABLE `specialties` ENABLE KEYS */;
UNLOCK TABLES;
/*!40103 SET TIME_ZONE=@OLD_TIME_ZONE */;

/*!40101 SET SQL_MODE=@OLD_SQL_MODE */;
/*!40014 SET FOREIGN_KEY_CHECKS=@OLD_FOREIGN_KEY_CHECKS */;
/*!40014 SET UNIQUE_CHECKS=@OLD_UNIQUE_CHECKS */;
/*!40101 SET CHARACTER_SET_CLIENT=@OLD_CHARACTER_SET_CLIENT */;
/*!40101 SET CHARACTER_SET_RESULTS=@OLD_CHARACTER_SET_RESULTS */;
/*!40101 SET COLLATION_CONNECTION=@OLD_COLLATION_CONNECTION */;
/*!40111 SET SQL_NOTES=@OLD_SQL_NOTES */;

-- Dump completed on 2025-06-22  6:34:33
-- MySQL dump 10.13  Distrib 8.0.41, for Win64 (x86_64)
--
-- Host: 127.0.0.1    Database: clinicauth
-- ------------------------------------------------------
-- Server version	9.2.0

/*!40101 SET @OLD_CHARACTER_SET_CLIENT=@@CHARACTER_SET_CLIENT */;
/*!40101 SET @OLD_CHARACTER_SET_RESULTS=@@CHARACTER_SET_RESULTS */;
/*!40101 SET @OLD_COLLATION_CONNECTION=@@COLLATION_CONNECTION */;
/*!50503 SET NAMES utf8 */;
/*!40103 SET @OLD_TIME_ZONE=@@TIME_ZONE */;
/*!40103 SET TIME_ZONE='+00:00' */;
/*!40014 SET @OLD_UNIQUE_CHECKS=@@UNIQUE_CHECKS, UNIQUE_CHECKS=0 */;
/*!40014 SET @OLD_FOREIGN_KEY_CHECKS=@@FOREIGN_KEY_CHECKS, FOREIGN_KEY_CHECKS=0 */;
/*!40101 SET @OLD_SQL_MODE=@@SQL_MODE, SQL_MODE='NO_AUTO_VALUE_ON_ZERO' */;
/*!40111 SET @OLD_SQL_NOTES=@@SQL_NOTES, SQL_NOTES=0 */;

--
-- Table structure for table `users`
--

DROP TABLE IF EXISTS `users`;
/*!40101 SET @saved_cs_client     = @@character_set_client */;
/*!50503 SET character_set_client = utf8mb4 */;
CREATE TABLE `users` (
  `UserID` int NOT NULL AUTO_INCREMENT,
  `Username` varchar(50) NOT NULL,
  `PasswordHash` char(32) NOT NULL,
  `Role` enum('Doctor','Receptionist','Admin') NOT NULL,
  `LinkedID` int DEFAULT NULL,
  `CreatedAt` datetime DEFAULT CURRENT_TIMESTAMP,
  PRIMARY KEY (`UserID`),
  UNIQUE KEY `Username` (`Username`),
  CONSTRAINT `users_chk_1` CHECK ((((`Role` = _utf8mb4'Admin') and (`LinkedID` is null)) or ((`Role` in (_utf8mb4'Doctor',_utf8mb4'Receptionist')) and (`LinkedID` is not null))))
) ENGINE=InnoDB AUTO_INCREMENT=6 DEFAULT CHARSET=utf8mb4 COLLATE=utf8mb4_0900_ai_ci;
/*!40101 SET character_set_client = @saved_cs_client */;

--
-- Dumping data for table `users`
--

LOCK TABLES `users` WRITE;
/*!40000 ALTER TABLE `users` DISABLE KEYS */;
INSERT INTO `users` VALUES (1,'doctor1','202cb962ac59075b964b07152d234b70','Doctor',1,'2025-05-22 17:50:54'),(2,'doctor2','202cb962ac59075b964b07152d234b70','Doctor',2,'2025-05-22 17:50:54'),(3,'reception1','202cb962ac59075b964b07152d234b70','Receptionist',1,'2025-05-22 17:50:54'),(5,'admin','202cb962ac59075b964b07152d234b70','Admin',NULL,'2025-05-22 17:50:54');
/*!40000 ALTER TABLE `users` ENABLE KEYS */;
UNLOCK TABLES;
/*!40103 SET TIME_ZONE=@OLD_TIME_ZONE */;

/*!40101 SET SQL_MODE=@OLD_SQL_MODE */;
/*!40014 SET FOREIGN_KEY_CHECKS=@OLD_FOREIGN_KEY_CHECKS */;
/*!40014 SET UNIQUE_CHECKS=@OLD_UNIQUE_CHECKS */;
/*!40101 SET CHARACTER_SET_CLIENT=@OLD_CHARACTER_SET_CLIENT */;
/*!40101 SET CHARACTER_SET_RESULTS=@OLD_CHARACTER_SET_RESULTS */;
/*!40101 SET COLLATION_CONNECTION=@OLD_COLLATION_CONNECTION */;
/*!40111 SET SQL_NOTES=@OLD_SQL_NOTES */;

-- Dump completed on 2025-06-22  6:34:33
